mine_name,owner,parent_company,status,capacity_mtpa,production_mtpa,mine_type,province,lat,lng,gem_wiki_url,matched_offtaker_id,match_note,source_url
Alexander Coal Project,Sasol Mining Pty Ltd,Sasol Ltd,proposed,5.0,,Underground,Mpumalanga,-26.312146,29.352647,https://www.gem.wiki/Alexander_Coal_Project,o_mu3247y0_iedme,mine not in CRM; matched to parent/owner company row 'Sasol Mining' - mine is a site of an existing offtaker,https://publicgemdata.nyc3.cdn.digitaloceanspaces.com/Current_maps/gcmt-smp/gcmt-smp_map_2026-08.geojson
Argent Colliery,Puckree Group,Puckree Group Pty Ltd,cancelled,10.0,,Surface,Mpumalanga,-25.98333,29.43333,https://www.gem.wiki/Argent_colliery,,no CRM match - potentially new,https://publicgemdata.nyc3.cdn.digitaloceanspaces.com/Current_maps/gcmt-smp/gcmt-smp_map_2026-08.geojson
Arnot Coal Mine,Arnot OpCo Pty Ltd,Arnot HoldCo Pty Ltd; Arnot Community Trust; Arnot Qualifying Employee Trust,mothballed,,0.5,Underground & Surface,Mpumalanga,-25.9348458,29.7747599,https://www.gem.wiki/Arnot_coal_mine,o_mu8ko0n6_bdw4j,matched CRM 'Wescoal / Innovators Resources — Arnot Coal Mine' via short; CRM row is PARKED (closed/duplicate),https://publicgemdata.nyc3.cdn.digitaloceanspaces.com/Current_maps/gcmt-smp/gcmt-smp_map_2026-08.geojson
Arnot South Colliery,TerraCom,TerraCom Ltd,proposed,,,Surface,Mpumalanga,-26.38457657,29.6704259,https://www.gem.wiki/Arnot_South_coal_project,,no CRM match - potentially new,https://publicgemdata.nyc3.cdn.digitaloceanspaces.com/Current_maps/gcmt-smp/gcmt-smp_map_2026-08.geojson
Aviemore Colliery,Zinoju Coal Pty Ltd,Buffalo Coal Corp,proposed,0.4,,Underground,KwaZulu-Natal,-28.09077222,30.2379246,https://www.gem.wiki/Aviemore_coal_mine,,no CRM match - potentially new,https://publicgemdata.nyc3.cdn.digitaloceanspaces.com/Current_maps/gcmt-smp/gcmt-smp_map_2026-08.geojson
Aviemore Colliery,Zinoju Coal Pty Ltd,Buffalo Coal Corp,operating,,0.37,Underground,KwaZulu-Natal,-28.09077222,30.2379246,https://www.gem.wiki/Aviemore_coal_mine,,no CRM match - potentially new,https://publicgemdata.nyc3.cdn.digitaloceanspaces.com/Current_maps/gcmt-smp/gcmt-smp_map_2026-08.geojson
Aviemore Colliery,Buffalo Coal,Buffalo Coal,closed,,0.4,Underground,KwaZulu-Natal,-28.09077222,30.2379246,,o_mu3247y0_k1apv,mine not in CRM; matched to parent/owner company row 'Buffalo Coal' - mine is a site of an existing offtaker,https://publicgemdata.nyc3.cdn.digitaloceanspaces.com/Current_maps/gcmt-smp/gcmt-smp_map_2026-08.geojson
Bekezela Colliery,Canyon Coal Pty Ltd,natural person(s); Menar Capital Pty Ltd,proposed,5.0,,Surface,Gauteng,-26.24262131,28.51242532,https://www.gem.wiki/Ukufisa_Colliery,,no CRM match - potentially new,https://publicgemdata.nyc3.cdn.digitaloceanspaces.com/Current_maps/gcmt-smp/gcmt-smp_map_2026-08.geojson
Belfast Coal Mine,Exxaro Coal Mpumalanga Pty Ltd,Exxaro Resources Ltd,cancelled,,,Underground & Surface,Mpumalanga,-25.834028,29.987778,https://www.gem.wiki/Belfast_coal_mine,o_mu8ko0n6_yp6qy,matched CRM 'Exxaro — Belfast Coal Mine' via short,https://publicgemdata.nyc3.cdn.digitaloceanspaces.com/Current_maps/gcmt-smp/gcmt-smp_map_2026-08.geojson
Belfast Coal Mine,Exxaro Coal Mpumalanga Pty Ltd,Exxaro Resources Ltd,operating,,3.9,Surface,Mpumalanga,-25.834028,29.987778,https://www.gem.wiki/Belfast_coal_mine,o_mu8ko0n6_yp6qy,matched CRM 'Exxaro — Belfast Coal Mine' via short,https://publicgemdata.nyc3.cdn.digitaloceanspaces.com/Current_maps/gcmt-smp/gcmt-smp_map_2026-08.geojson
Berenice-Cygnus Coal Mine,Bono Lithihi Investments Group; Universal Coal LLC,TerraCom Ltd; unknown; Vibrant Veterans Mineral Resource Group,proposed,6.0,,Surface,Limpopo,-22.9028678,29.4318658,https://www.gem.wiki/Berenice-Cygnus_Coal_Mine,,no CRM match - potentially new,https://publicgemdata.nyc3.cdn.digitaloceanspaces.com/Current_maps/gcmt-smp/gcmt-smp_map_2026-08.geojson
Black Wattle Coal Mine,Bisichi Mining PLC; Vunani Mining Pty Ltd,Bisichi PLC; Vunani Capital Partners Ltd,operating,,1.5,Surface,Mpumalanga,-25.83557094,29.45533652,https://www.gem.wiki/Black_Wattle_coal_mine,,no CRM match - potentially new,https://publicgemdata.nyc3.cdn.digitaloceanspaces.com/Current_maps/gcmt-smp/gcmt-smp_map_2026-08.geojson
Boikarabelo Coal Mine,Ledjadja Coal Pty Ltd,Namane Resources Pty Ltd,cancelled,4.5,,Surface,Limpopo,-26.0,27.545833,https://www.gem.wiki/Boikarabelo_Coal_Mine,,no CRM match - potentially new,https://publicgemdata.nyc3.cdn.digitaloceanspaces.com/Current_maps/gcmt-smp/gcmt-smp_map_2026-08.geojson
Boschkrans Coal Mine,Puckree Group,Puckree Group Pty Ltd,cancelled,1.2,,Underground & Surface,Mpumalanga,-26.3719534,29.7055655,https://www.gem.wiki/Boschkrans_coal_project,,no CRM match - potentially new,https://publicgemdata.nyc3.cdn.digitaloceanspaces.com/Current_maps/gcmt-smp/gcmt-smp_map_2026-08.geojson
Bosjesspruit Coal Mine,Sasol Mining Pty Ltd,Sasol Ltd,operating,,4.1,Underground,Mpumalanga,-26.562832,29.199815,https://www.gem.wiki/Bosjesspruit_coal_mine,o_mu3247y0_iedme,mine not in CRM; matched to parent/owner company row 'Sasol Mining' - mine is a site of an existing offtaker,https://publicgemdata.nyc3.cdn.digitaloceanspaces.com/Current_maps/gcmt-smp/gcmt-smp_map_2026-08.geojson
Bultfontein Colliery,Puckree Group,Puckree Group,closed,8.7,0.87,Underground,Mpumalanga,-26.1415679,29.4804372,,,no CRM match - potentially new,https://publicgemdata.nyc3.cdn.digitaloceanspaces.com/Current_maps/gcmt-smp/gcmt-smp_map_2026-08.geojson
Chelmsford Colliery,Future Coal,Future Coal Pty Ltd,mothballed,0.9,0.48,Underground & Surface,KwaZulu-Natal,-27.902916,29.924397,https://www.gem.wiki/Chelmsford_coal_mine,,no CRM match - potentially new,https://publicgemdata.nyc3.cdn.digitaloceanspaces.com/Current_maps/gcmt-smp/gcmt-smp_map_2026-08.geojson
Chilwavhusiku Colliery,Black Royalty Minerals,Makole Group Pty Ltd,mothballed,,2.5,Surface,Gauteng,-25.790623,28.799088,https://www.gem.wiki/Chilwavhusiku_coal_mine,o_mu3247y0_c3htl,mine not in CRM; matched to parent/owner company row 'Black Royalty Minerals' - mine is a site of an existing offtaker,https://publicgemdata.nyc3.cdn.digitaloceanspaces.com/Current_maps/gcmt-smp/gcmt-smp_map_2026-08.geojson
Chilwavhusiku Colliery,Black Royalty Minerals,Makole Group,closed,,2.5,Surface,,-25.790623,28.799088,,o_mu3247y0_c3htl,mine not in CRM; matched to parent/owner company row 'Black Royalty Minerals' - mine is a site of an existing offtaker,https://publicgemdata.nyc3.cdn.digitaloceanspaces.com/Current_maps/gcmt-smp/gcmt-smp_map_2026-08.geojson
Dalyshope Coal Project,Thungela Resources Ltd,Thungela Resources Ltd,proposed,6.0,,Surface,Limpopo,-23.68516,27.209329,https://www.gem.wiki/Dalyshope_Coal_Project,o_mu3247y0_wtozh,mine not in CRM; matched to parent/owner company row 'Thungela Resources' - mine is a site of an existing offtaker,https://publicgemdata.nyc3.cdn.digitaloceanspaces.com/Current_maps/gcmt-smp/gcmt-smp_map_2026-08.geojson
Dama Coal Mine,Thutha Amalahle Transport and Construction Pty Ltd,Thutha Amalahle Transport and Construction Pty Ltd,mothballed,,0.36,Surface,KwaZulu-Natal,-27.59440875,30.21399601,https://www.gem.wiki/Dama_coal_mine,,no CRM match - potentially new,https://publicgemdata.nyc3.cdn.digitaloceanspaces.com/Current_maps/gcmt-smp/gcmt-smp_map_2026-08.geojson
Davel Coal Project,Scinta South Africa,Scinta South Africa Pty Ltd,cancelled,4.0,,Underground,Mpumalanga,-26.460572,29.733188,https://www.gem.wiki/Davel_coal_project,,no CRM match - potentially new,https://publicgemdata.nyc3.cdn.digitaloceanspaces.com/Current_maps/gcmt-smp/gcmt-smp_map_2026-08.geojson
Delmas Colliery,Kuyasa Mining Pty Ltd,Kuyasa Mining Pty Ltd,mothballed,1.5,2,Underground,Mpumalanga,-26.260831,28.827936,https://www.gem.wiki/Delmas_Colliery_coal_mine,o_mu3247y0_ahmma,mine not in CRM; matched to parent/owner company row 'Kuyasa Mining' - mine is a site of an existing offtaker,https://publicgemdata.nyc3.cdn.digitaloceanspaces.com/Current_maps/gcmt-smp/gcmt-smp_map_2026-08.geojson
Dorstfontein Complex,Katlego Coal Ltd,Katlego Coal Pty Ltd,operating,,,Underground & Surface,Mpumalanga,-26.223494,29.294597,https://www.gem.wiki/Dorstfontein_Complex_coal_mine,,no CRM match - potentially new,https://publicgemdata.nyc3.cdn.digitaloceanspaces.com/Current_maps/gcmt-smp/gcmt-smp_map_2026-08.geojson
Droogvallei Coal Mine,Coastal Fuels,Coastal Fuels Pty Ltd,mothballed,,0.12,Surface,Mpumalanga,-26.10267826,30.1528895,https://www.gem.wiki/Droogvallei_coal_mine,,no CRM match - potentially new,https://publicgemdata.nyc3.cdn.digitaloceanspaces.com/Current_maps/gcmt-smp/gcmt-smp_map_2026-08.geojson
Eastside Colliery,Black Gold Coal Co,Black Gold Coal Co,mothballed,10.0,0,Surface,Mpumalanga,-26.07199634,30.17665875,https://www.gem.wiki/Eastside_Colliery,,no CRM match - potentially new,https://publicgemdata.nyc3.cdn.digitaloceanspaces.com/Current_maps/gcmt-smp/gcmt-smp_map_2026-08.geojson
Eerstelingsfontein (North Block Complex),Universal Coal,,closed,,,Surface,Mpumalanga,-25.694582,30.013851,,,no CRM match - potentially new,https://publicgemdata.nyc3.cdn.digitaloceanspaces.com/Current_maps/gcmt-smp/gcmt-smp_map_2026-08.geojson
Elandsfontein Colliery,Anker Coal and Mineral Holdings,Anker Coal and Mineral Holdings SA Pty Ltd,operating,,0.18,Underground & Surface,Mpumalanga,-25.907458,29.0925901,https://www.gem.wiki/Elandsfontein_Colliery,,no CRM match - potentially new,https://publicgemdata.nyc3.cdn.digitaloceanspaces.com/Current_maps/gcmt-smp/gcmt-smp_map_2026-08.geojson
Elandsfontein Colliery,Anker Coal and Mineral Holdings,Anker Coal and Mineral Holdings SA Pty Ltd,proposed,,,Underground & Surface,Mpumalanga,-25.907458,29.0925901,https://www.gem.wiki/Elandsfontein_Colliery,,no CRM match - potentially new,https://publicgemdata.nyc3.cdn.digitaloceanspaces.com/Current_maps/gcmt-smp/gcmt-smp_map_2026-08.geojson
Elandspruit Colliery,Salungano Group Ltd,Salungano Group Ltd,operating,3.18,1.92,Underground & Surface,Mpumalanga,-25.80982,29.38474,https://www.gem.wiki/Elandspruit_Colliery,,no CRM match - potentially new,https://publicgemdata.nyc3.cdn.digitaloceanspaces.com/Current_maps/gcmt-smp/gcmt-smp_map_2026-08.geojson
Elders Coal Mine,Anglo American Inyosi Coal Pty Ltd,Thungela Resources Ltd; Nkulo Community Partnership Trust; Sisonke Employee Empowerment Scheme,operating,3.0,0.5,Underground,Mpumalanga,-26.239016,29.287922,https://www.gem.wiki/Elders_Coal_Mine,o_mu3247y0_wtozh,mine not in CRM; matched to parent/owner company row 'Thungela Resources' - mine is a site of an existing offtaker,https://publicgemdata.nyc3.cdn.digitaloceanspaces.com/Current_maps/gcmt-smp/gcmt-smp_map_2026-08.geojson
Eloff Coal Project,Eloff Mining Company,Ndalamo Resources Pty Ltd; TerraCom Ltd,proposed,2.6,,Surface,Mpumalanga,-26.1885802,28.6517105,https://www.gem.wiki/Eloff_coal_project,,no CRM match - potentially new,https://publicgemdata.nyc3.cdn.digitaloceanspaces.com/Current_maps/gcmt-smp/gcmt-smp_map_2026-08.geojson
Fentonia Coal Mine,Joe Singh Group,Joe Singh Group Of Companies Pty Ltd,mothballed,,1.38,Surface,Mpumalanga,-26.17195804,29.45310073,https://www.gem.wiki/Fentonia_Coal_Mine,,no CRM match - potentially new,https://publicgemdata.nyc3.cdn.digitaloceanspaces.com/Current_maps/gcmt-smp/gcmt-smp_map_2026-08.geojson
Forzando Complex,Katlego Coal Ltd,Katlego Coal Pty Ltd,operating,,1.8,Underground & Surface,Mpumalanga,-26.286869,29.527687,https://www.gem.wiki/Forzando_Complex_coal_mine,,no CRM match - potentially new,https://publicgemdata.nyc3.cdn.digitaloceanspaces.com/Current_maps/gcmt-smp/gcmt-smp_map_2026-08.geojson
Gila Coal Mine,Canyon Coal Pty Ltd,natural person(s); Menar Capital Pty Ltd,proposed,1.5,,Underground,Mpumalanga,-26.34233,29.509051,https://www.gem.wiki/Gila_coal_mine,,no CRM match - potentially new,https://publicgemdata.nyc3.cdn.digitaloceanspaces.com/Current_maps/gcmt-smp/gcmt-smp_map_2026-08.geojson
Glisa Coal Mine (North Block Complex),Universal Coal,,closed,,,Surface,Mpumalanga,-25.694582,30.013851,,,no CRM match - potentially new,https://publicgemdata.nyc3.cdn.digitaloceanspaces.com/Current_maps/gcmt-smp/gcmt-smp_map_2026-08.geojson
Goedehoop Coal Mine,GHN Resources Pty Ltd,GHN Resources Pty Ltd,mothballed,,2.6,Underground,Mpumalanga,-26.1033988,29.407282,https://www.gem.wiki/Goedehoop_coal_mine,o_mu8ko0n6_po4cd,matched CRM 'Seriti Resources — Goedehoop Colliery' via short; CRM ownership differs: CRM has Thungela; GEM says GHN Resources Pty Ltd,https://publicgemdata.nyc3.cdn.digitaloceanspaces.com/Current_maps/gcmt-smp/gcmt-smp_map_2026-08.geojson
Goedgevonden Coal Mine,Goedgevonden Coal Pty Ltd,unknown; Glencore PLC; African Rainbow Minerals Ltd,operating,,11.7,Surface,Mpumalanga,-26.0907772,29.0710348,https://www.gem.wiki/Goedgevonden_coal_mine,o_mu3247xz_k5d98,mine not in CRM; matched to parent/owner company row 'African Rainbow Minerals (ARM)' - mine is a site of an existing offtaker,https://publicgemdata.nyc3.cdn.digitaloceanspaces.com/Current_maps/gcmt-smp/gcmt-smp_map_2026-08.geojson
Golfview Coal Mine,Golfview Mining Ltd,Anker Coal and Mineral Holdings South Africa Ltd,closed,,,Underground & Surface,Mpumalanga,-26.470061,29.9719651,,,no CRM match - potentially new,https://publicgemdata.nyc3.cdn.digitaloceanspaces.com/Current_maps/gcmt-smp/gcmt-smp_map_2026-08.geojson
Graspan Colliery,Independent Third Party,Independent Third Party,mothballed,,,Surface,Mpumalanga,-25.780846,29.410789,https://www.gem.wiki/Graspan_Colliery,,no CRM match - potentially new,https://publicgemdata.nyc3.cdn.digitaloceanspaces.com/Current_maps/gcmt-smp/gcmt-smp_map_2026-08.geojson
Greater Soutpansberg Coal Project,MbeuYashu Pty,MC Mining Ltd; Terracotta Processing Pty Ltd; Vibrant Veterans Mineral Resources Pty Ltd; King Makhado Holdings Pty Ltd,proposed,8.0,,Underground & Surface,Limpopo,-22.881211,29.661589,https://www.gem.wiki/Greater_Soutpansberg_Project,o_mu3247y0_7qolv,mine not in CRM; matched to parent/owner company row 'MC Mining' - mine is a site of an existing offtaker,https://publicgemdata.nyc3.cdn.digitaloceanspaces.com/Current_maps/gcmt-smp/gcmt-smp_map_2026-08.geojson
Greenside Coal Mine,Thungela Operations Pty Ltd,Thungela Resources Ltd; Nkulo Community Partnership Trust; Sisonke Employee Empowerment Scheme,operating,,2.3,Underground,Mpumalanga,-25.960979,29.18545,https://www.gem.wiki/Greenside_coal_mine,o_mua24t5g_hyol1,matched CRM 'Thungela Resources — Greenside Colliery' via short,https://publicgemdata.nyc3.cdn.digitaloceanspaces.com/Current_maps/gcmt-smp/gcmt-smp_map_2026-08.geojson
Grootegeluk Coal Mine,,,operating,,,,,-23.657141,27.566687,https://www.gem.wiki/Grootegeluk_coal_mine,exxaro,matched CRM 'Exxaro Resources — Grootegeluk' via site,https://publicgemdata.nyc3.cdn.digitaloceanspaces.com/Current_maps/gcmt-smp/gcmt-smp_map_2026-08.geojson
Grootegeluk Coal Mine,Exxaro Coal Pty Ltd,Exxaro Resources Ltd,operating,,51.4,Surface,Limpopo,-23.657141,27.566687,https://www.gem.wiki/Grootegeluk_coal_mine,exxaro,matched CRM 'Exxaro Resources — Grootegeluk' via site,https://publicgemdata.nyc3.cdn.digitaloceanspaces.com/Current_maps/gcmt-smp/gcmt-smp_map_2026-08.geojson
Gugulethu Coal Project,Canyon Coal Pty Ltd,natural person(s); Menar Capital Pty Ltd,mothballed,3.0,,Underground & Surface,Mpumalanga,-26.21893211,29.78208549,https://www.gem.wiki/De_Wittekrans_coal_mine,,no CRM match - potentially new,https://publicgemdata.nyc3.cdn.digitaloceanspaces.com/Current_maps/gcmt-smp/gcmt-smp_map_2026-08.geojson
Hakhano Colliery,Canyon Coal,,closed,,,Surface,,-25.7478305,29.654404,,,no CRM match - potentially new,https://publicgemdata.nyc3.cdn.digitaloceanspaces.com/Current_maps/gcmt-smp/gcmt-smp_map_2026-08.geojson
Halfgewonnen Colliery,Overlooked Colliery Alpha,Overlooked Colliery Alpha Pty Ltd,mothballed,,0.22,Surface,Mpumalanga,-26.215424,29.531783,https://www.gem.wiki/Halfgewonnen_coal_mine,,no CRM match - potentially new,https://publicgemdata.nyc3.cdn.digitaloceanspaces.com/Current_maps/gcmt-smp/gcmt-smp_map_2026-08.geojson
Hendrina Coal Mine,Umcebo Mining Pty Ltd,Glencore PLC; small shareholder(s); Micawber 766 Pty Ltd; Richtrau No 94 Pty Ltd; Standard Bank Group Ltd,shelved,2.4,,Underground,Mpumalanga,-26.1981338,29.7230683,https://www.gem.wiki/Hendrina_coal_project,,no CRM match - potentially new,https://publicgemdata.nyc3.cdn.digitaloceanspaces.com/Current_maps/gcmt-smp/gcmt-smp_map_2026-08.geojson
Hlagisa Colliery,Umcebo Mining,,closed,1.8,,Surface,,-25.7729374,29.815883,,,no CRM match - potentially new,https://publicgemdata.nyc3.cdn.digitaloceanspaces.com/Current_maps/gcmt-smp/gcmt-smp_map_2026-08.geojson
Ikoti Coal Mine,Alfieri Holdings,Alfieri Holdings Pty Ltd,operating,,,Underground & Surface,Mpumalanga,-26.2798415,29.924166,https://www.gem.wiki/Ikoti_coal_mine,,no CRM match - potentially new,https://publicgemdata.nyc3.cdn.digitaloceanspaces.com/Current_maps/gcmt-smp/gcmt-smp_map_2026-08.geojson
Ilima Coal Mine,Ilima Coal Co,Ilima Coal Company Pty Ltd,proposed,1.2,,Underground & Surface,Mpumalanga,-26.107445,30.215583,https://www.gem.wiki/Ilima_Coal_Mine,o_mu3247y0_x5amt,mine not in CRM; matched to parent/owner company row 'Ilima Coal Company' - mine is a site of an existing offtaker,https://publicgemdata.nyc3.cdn.digitaloceanspaces.com/Current_maps/gcmt-smp/gcmt-smp_map_2026-08.geojson
Ilima Coal Mine,Ilima Coal Co,Ilima Coal Company Pty Ltd,operating,0.75,1.5,Underground & Surface,Mpumalanga,-26.107445,30.215583,https://www.gem.wiki/Ilima_Coal_Mine,o_mu3247y0_x5amt,mine not in CRM; matched to parent/owner company row 'Ilima Coal Company' - mine is a site of an existing offtaker,https://publicgemdata.nyc3.cdn.digitaloceanspaces.com/Current_maps/gcmt-smp/gcmt-smp_map_2026-08.geojson
Impumelelo Coal Mine,Sasol Mining Pty Ltd,Sasol Ltd,operating,6.0,3.8,Underground,Mpumalanga,-26.581453,29.145008,https://www.gem.wiki/Impumelelo_coal_mine,o_mu3247y0_iedme,mine not in CRM; matched to parent/owner company row 'Sasol Mining' - mine is a site of an existing offtaker,https://publicgemdata.nyc3.cdn.digitaloceanspaces.com/Current_maps/gcmt-smp/gcmt-smp_map_2026-08.geojson
Impunzi Complex,Glencore South Africa,unknown; Glencore PLC,operating,,7.9,Underground & Surface,Mpumalanga,-26.108683,29.230581,https://www.gem.wiki/IMpunzi_mine_complex,,no CRM match - potentially new,https://publicgemdata.nyc3.cdn.digitaloceanspaces.com/Current_maps/gcmt-smp/gcmt-smp_map_2026-08.geojson
Inyanda Coal Mine,Inyanda Mining Holdings (Pty) Ltd,,closed,,1.035,Surface,Mpumalanga,-25.7750062,29.22812699,,,no CRM match - potentially new,https://publicgemdata.nyc3.cdn.digitaloceanspaces.com/Current_maps/gcmt-smp/gcmt-smp_map_2026-08.geojson
Isibonelo Coal Mine,Thungela Operations Pty Ltd,Thungela Resources Ltd; Nkulo Community Partnership Trust; Sisonke Employee Empowerment Scheme,mothballed,,4.19,Surface,Mpumalanga,-26.4352762,29.208912,https://www.gem.wiki/Isibonelo_coal_project,o_mua24t5g_z3dvo,matched CRM 'Thungela Resources — Isibonelo Colliery' via short; CRM row is PARKED (closed/duplicate),https://publicgemdata.nyc3.cdn.digitaloceanspaces.com/Current_maps/gcmt-smp/gcmt-smp_map_2026-08.geojson
Iyanga Coal Mine Cluster,Beryl Group,Beryl Group,operating,,6,Surface,Mpumalanga,-26.026458,28.8783183,https://www.gem.wiki/Iyanga_Mine_Cluster,,no CRM match - potentially new,https://publicgemdata.nyc3.cdn.digitaloceanspaces.com/Current_maps/gcmt-smp/gcmt-smp_map_2026-08.geojson
Kangala Coal Mine,TerraCom Ltd; Mountain Rush,TerraCom; Mountain Rush,closed,,1.15,Surface,,-26.190762,28.668496,,,no CRM match - potentially new,https://publicgemdata.nyc3.cdn.digitaloceanspaces.com/Current_maps/gcmt-smp/gcmt-smp_map_2026-08.geojson
Kangra Coal Mine,Menar,Menar Capital Pty Ltd,operating,1.4,1.4,Underground,Mpumalanga,-27.022301,30.414471,https://www.gem.wiki/Kangra_Coal_Mine,o_mu3247y0_uypqd,mine not in CRM; matched to parent/owner company row 'Menar (Canyon Coal / Zululand Anthracite)' - mine is a site of an existing offtaker,https://publicgemdata.nyc3.cdn.digitaloceanspaces.com/Current_maps/gcmt-smp/gcmt-smp_map_2026-08.geojson
Khanye Coal Mine,Canyon Coal Pty Ltd,natural person(s); Menar Capital Pty Ltd,operating,2.1,2.67,Surface,Gauteng,-25.77422056,28.7952596,https://www.gem.wiki/Khanye_coal_mine,,no CRM match - potentially new,https://publicgemdata.nyc3.cdn.digitaloceanspaces.com/Current_maps/gcmt-smp/gcmt-smp_map_2026-08.geojson
Khanyisa Colliery,Salungano Group Ltd,Salungano Group Ltd,mothballed,1.2,0.032,Surface,Mpumalanga,-26.039752,28.968455,https://www.gem.wiki/Khanyisa_coal_mine,,no CRM match - potentially new,https://publicgemdata.nyc3.cdn.digitaloceanspaces.com/Current_maps/gcmt-smp/gcmt-smp_map_2026-08.geojson
Khutala Coal Mine,Seriti Power Pty Ltd,Community Investment Holdings Pty Ltd; Zungu Investments Company Pty Ltd; Coalzar Pty Ltd; Masimong Group Holdings Pty Ltd; Batho Batho Trust,operating,,10.39,Underground & Surface,Mpumalanga,-26.124001,29.003424,https://www.gem.wiki/Khutala_mine,,no CRM match - potentially new,https://publicgemdata.nyc3.cdn.digitaloceanspaces.com/Current_maps/gcmt-smp/gcmt-smp_map_2026-08.geojson
Khwezela Coal Mine,Thungela Operations Pty Ltd,Thungela Resources Ltd; Nkulo Community Partnership Trust; Sisonke Employee Empowerment Scheme,proposed,3.2,,Surface,Mpumalanga,-25.926243,29.155635,https://www.gem.wiki/Khwezela_coal_mine,o_mu8ko0n6_urb0l,matched CRM 'Anglo American Coal — Khwezela Colliery' via short,https://publicgemdata.nyc3.cdn.digitaloceanspaces.com/Current_maps/gcmt-smp/gcmt-smp_map_2026-08.geojson
Khwezela Coal Mine,Thungela Operations Pty Ltd,Thungela Resources Ltd; Nkulo Community Partnership Trust; Sisonke Employee Empowerment Scheme,operating,,2,Surface,Mpumalanga,-25.926243,29.155635,https://www.gem.wiki/Khwezela_coal_mine,o_mu8ko0n6_urb0l,matched CRM 'Anglo American Coal — Khwezela Colliery' via short,https://publicgemdata.nyc3.cdn.digitaloceanspaces.com/Current_maps/gcmt-smp/gcmt-smp_map_2026-08.geojson
Kiepersol Colliery,Jindal Mining South Africa Pty Ltd,unknown; Jindal Steel Ltd,operating,0.9,2.18,Underground,Mpumalanga,-27.14095155,30.5535983,https://www.gem.wiki/Kiepersol_coal_mine,,no CRM match - potentially new,https://publicgemdata.nyc3.cdn.digitaloceanspaces.com/Current_maps/gcmt-smp/gcmt-smp_map_2026-08.geojson
Kleinfontein Coal Mine,Kleinfontein Colliery Pty Ltd,Kleinfontein Colliery Pty Ltd,mothballed,1.2,1.2,Surface,Mpumalanga,-26.141809,30.042898,https://www.gem.wiki/Kleinfontein_Coal_Mine,,no CRM match - potentially new,https://publicgemdata.nyc3.cdn.digitaloceanspaces.com/Current_maps/gcmt-smp/gcmt-smp_map_2026-08.geojson
Kliprand Colliery,Ikwezi Mining,Finevest Investments FZE; Belvedere Mining Holdings Inc; Belvedere Resources DMCC,operating,,0.095,Surface,KwaZulu-Natal,-27.87006902,30.12645014,https://www.gem.wiki/Kliprand_coal_mine,,no CRM match - potentially new,https://publicgemdata.nyc3.cdn.digitaloceanspaces.com/Current_maps/gcmt-smp/gcmt-smp_map_2026-08.geojson
Klipspruit Coal Mine,Seriti Power Pty Ltd,Community Investment Holdings Pty Ltd; Zungu Investments Company Pty Ltd; Coalzar Pty Ltd; Masimong Group Holdings Pty Ltd; Batho Batho Trust,operating,,9.8,Surface,Mpumalanga,-25.991333,29.061537,https://www.gem.wiki/Klipspruit_Coal_Mine,,no CRM match - potentially new,https://publicgemdata.nyc3.cdn.digitaloceanspaces.com/Current_maps/gcmt-smp/gcmt-smp_map_2026-08.geojson
Koornfontein Coal Mine,Black Royalty Minerals,Makole Group Pty Ltd,operating,2.4,3,Underground & Surface,Mpumalanga,-26.0999993,29.4245782,https://www.gem.wiki/Koornfontein_coal_mine,o_mu3247y0_c3htl,mine not in CRM; matched to parent/owner company row 'Black Royalty Minerals' - mine is a site of an existing offtaker,https://publicgemdata.nyc3.cdn.digitaloceanspaces.com/Current_maps/gcmt-smp/gcmt-smp_map_2026-08.geojson
Kranspan Coal Project,Ilima Coal Co,Ilima Coal Company Pty Ltd,operating,,2.6,Underground & Surface,Mpumalanga,-26.166422,30.015778,https://www.gem.wiki/Kranspan_coal_project,o_mu3247y0_x5amt,mine not in CRM; matched to parent/owner company row 'Ilima Coal Company' - mine is a site of an existing offtaker,https://publicgemdata.nyc3.cdn.digitaloceanspaces.com/Current_maps/gcmt-smp/gcmt-smp_map_2026-08.geojson
Kriel Coal Mine,Seriti Coal Pty Ltd,Community Investment Holdings Pty Ltd; Zungu Investments Company Pty Ltd; Coalzar Pty Ltd; Masimong Group Holdings Pty Ltd; small shareholder(s); Batho Batho Trust; Seriti Coal Communities,operating,,4.01,Underground,Mpumalanga,-26.225785,29.136045,https://www.gem.wiki/Kriel_colliery,,no CRM match - potentially new,https://publicgemdata.nyc3.cdn.digitaloceanspaces.com/Current_maps/gcmt-smp/gcmt-smp_map_2026-08.geojson
Leeuwpan Coal Mine,Exxaro Coal Pty Ltd,Exxaro Resources Ltd,operating,,4.82,Surface,Mpumalanga,-26.1733493,28.7279975,https://www.gem.wiki/Leeuwpan_coal_mine,,no CRM match - potentially new,https://publicgemdata.nyc3.cdn.digitaloceanspaces.com/Current_maps/gcmt-smp/gcmt-smp_map_2026-08.geojson
Lefa Coal Mine,Ergosat Ltd,Ergosat Pty Ltd,proposed,2.5,,Underground,Free State,-26.84122227,27.99999848,https://www.gem.wiki/Lefa_Coal_Mine,,no CRM match - potentially new,https://publicgemdata.nyc3.cdn.digitaloceanspaces.com/Current_maps/gcmt-smp/gcmt-smp_map_2026-08.geojson
Leslie 1 Coal Mine,Thungela Resources Ltd,Thungela Resources Ltd,shelved,3.0,,Underground,Mpumalanga,-26.28792,28.941667,https://www.gem.wiki/Leslie_1_Mining_Project,o_mu3247y0_wtozh,mine not in CRM; matched to parent/owner company row 'Thungela Resources' - mine is a site of an existing offtaker,https://publicgemdata.nyc3.cdn.digitaloceanspaces.com/Current_maps/gcmt-smp/gcmt-smp_map_2026-08.geojson
Mafube Colliery,Mafube Coal Mining Pty Ltd,Thungela Resources Ltd; Nkulo Community Partnership Trust; Sisonke Employee Empowerment Scheme; Exxaro Resources Ltd,operating,,1.8,Surface,Mpumalanga,-25.7944583,29.7357042,https://www.gem.wiki/Mafube_coal_mine,o_mua24t5g_sfljg,matched CRM 'Thungela Resources / Exxaro JV — Mafube Colliery' via short,https://publicgemdata.nyc3.cdn.digitaloceanspaces.com/Current_maps/gcmt-smp/gcmt-smp_map_2026-08.geojson
Magdalena Colliery,Zinoju Coal Pty Ltd,Buffalo Coal Corp,proposed,0.52,,Underground,KwaZulu-Natal,-27.95985233,30.18051493,https://www.gem.wiki/Magdalena_coal_mine,,no CRM match - potentially new,https://publicgemdata.nyc3.cdn.digitaloceanspaces.com/Current_maps/gcmt-smp/gcmt-smp_map_2026-08.geojson
Magdalena Colliery,Zinoju Coal Pty Ltd,Buffalo Coal Corp,proposed,0.24,,Underground,KwaZulu-Natal,-27.95985233,30.18051493,https://www.gem.wiki/Magdalena_coal_mine,,no CRM match - potentially new,https://publicgemdata.nyc3.cdn.digitaloceanspaces.com/Current_maps/gcmt-smp/gcmt-smp_map_2026-08.geojson
Magdalena Colliery,Zinoju Coal Pty Ltd,Buffalo Coal Corp,operating,,0.09,Underground,KwaZulu-Natal,-27.95985233,30.18051493,https://www.gem.wiki/Magdalena_coal_mine,,no CRM match - potentially new,https://publicgemdata.nyc3.cdn.digitaloceanspaces.com/Current_maps/gcmt-smp/gcmt-smp_map_2026-08.geojson
Makhado Coal Mine,MC Mining Ltd,MC Mining Ltd,operating,4.0,,Surface,Limpopo,-22.7999984,29.9141726,https://www.gem.wiki/Makhado_coal_mine,o_mu3247y0_7qolv,mine not in CRM; matched to parent/owner company row 'MC Mining' - mine is a site of an existing offtaker,https://publicgemdata.nyc3.cdn.digitaloceanspaces.com/Current_maps/gcmt-smp/gcmt-smp_map_2026-08.geojson
Makhado Coal Mine,MC Mining Ltd,MC Mining Ltd,proposed,1.3,,Surface,Limpopo,-22.7999984,29.9141726,https://www.gem.wiki/Makhado_coal_mine,o_mu3247y0_7qolv,mine not in CRM; matched to parent/owner company row 'MC Mining' - mine is a site of an existing offtaker,https://publicgemdata.nyc3.cdn.digitaloceanspaces.com/Current_maps/gcmt-smp/gcmt-smp_map_2026-08.geojson
Malahleni Colliery,Silver Unicorn Coal and Mineral Resources,Silver Unicorn Coal and Mineral Resources,closed,,0.72,Surface,,-26.001348,29.233348,,,no CRM match - potentially new,https://publicgemdata.nyc3.cdn.digitaloceanspaces.com/Current_maps/gcmt-smp/gcmt-smp_map_2026-08.geojson
Manungu Coal Mine,Mbuyelo Coal,unknown; Africa Coal Partners Ltd,operating,,3.18,Surface,Mpumalanga,-26.2256423,28.6929835,https://www.gem.wiki/Manungu_coal_mine,o_mu3247y0_ec9yt,mine not in CRM; matched to parent/owner company row 'Mbuyelo Coal' - mine is a site of an existing offtaker,https://publicgemdata.nyc3.cdn.digitaloceanspaces.com/Current_maps/gcmt-smp/gcmt-smp_map_2026-08.geojson
Matla Coal Mine,Exxaro Coal Mpumalanga Pty Ltd,Exxaro Resources Ltd,proposed,3.0,,Underground,Mpumalanga,-26.26345,29.12681,https://www.gem.wiki/Matla_coal_mine,,no CRM match - potentially new,https://publicgemdata.nyc3.cdn.digitaloceanspaces.com/Current_maps/gcmt-smp/gcmt-smp_map_2026-08.geojson
Matla Coal Mine,Exxaro Coal Mpumalanga Pty Ltd,Exxaro Resources Ltd,operating,,5.9,Underground,Mpumalanga,-26.26345,29.12681,https://www.gem.wiki/Matla_coal_mine,,no CRM match - potentially new,https://publicgemdata.nyc3.cdn.digitaloceanspaces.com/Current_maps/gcmt-smp/gcmt-smp_map_2026-08.geojson
Mbali Coal Mine,Kunolwazi Resources,Kunolwazi Resources,closed,,0.87,Surface,,-26.12513,29.109738,,,no CRM match - potentially new,https://publicgemdata.nyc3.cdn.digitaloceanspaces.com/Current_maps/gcmt-smp/gcmt-smp_map_2026-08.geojson
Middelburg Complex (MBO),Independent Third Party,Independent Third Party,operating,,2.1,Surface,Mpumalanga,-25.8123128,29.4029868,https://www.gem.wiki/Middelburg_Complex_(MBO),,no CRM match - potentially new,https://publicgemdata.nyc3.cdn.digitaloceanspaces.com/Current_maps/gcmt-smp/gcmt-smp_map_2026-08.geojson
Middelburg Mining Services (MMS),Seriti Power Pty Ltd,Community Investment Holdings Pty Ltd; Zungu Investments Company Pty Ltd; Coalzar Pty Ltd; Masimong Group Holdings Pty Ltd; Batho Batho Trust,operating,8.0,4.81,Surface,Mpumalanga,-25.899444,29.460556,https://www.gem.wiki/Middelburg_Mining_Services_(MMS)_Coal_Mine,,no CRM match - potentially new,https://publicgemdata.nyc3.cdn.digitaloceanspaces.com/Current_maps/gcmt-smp/gcmt-smp_map_2026-08.geojson
Mimosa Colliery,Northern Coal Pty Ltd,Northern Coal Pty Ltd,operating,,,Surface,Mpumalanga,-26.1656407,30.0377208,https://www.gem.wiki/Mimosa_Colliery,,no CRM match - potentially new,https://publicgemdata.nyc3.cdn.digitaloceanspaces.com/Current_maps/gcmt-smp/gcmt-smp_map_2026-08.geojson
Moabsvelden Coal Mine,Salungano Group Ltd,Salungano Group Ltd,operating,2.9,2.53,Surface,Mpumalanga,-26.15166,28.81833,https://www.gem.wiki/Moabsvelden_coal_project,,no CRM match - potentially new,https://publicgemdata.nyc3.cdn.digitaloceanspaces.com/Current_maps/gcmt-smp/gcmt-smp_map_2026-08.geojson
Modderfontein Colliery,Xakwa Coal,Xakwa Coal Pty Ltd,shelved,,,Surface,Mpumalanga,-26.14265212,28.53253533,https://www.gem.wiki/Modderfontein_Colliery,,no CRM match - potentially new,https://publicgemdata.nyc3.cdn.digitaloceanspaces.com/Current_maps/gcmt-smp/gcmt-smp_map_2026-08.geojson
Mooifontein Coal Mine,Beryl Group,Beryl Group,closed,0.9,0.9,Surface,,-25.965278,29.317442,,,no CRM match - potentially new,https://publicgemdata.nyc3.cdn.digitaloceanspaces.com/Current_maps/gcmt-smp/gcmt-smp_map_2026-08.geojson
Mooiplaats Coal Mine,Mooiplaats Coal Holdings (MCH),Mooiplaats Coal Holdings Pty Ltd,operating,1.8,,Underground,Mpumalanga,-26.666033,30.102497,https://www.gem.wiki/Mooiplaats_coal_mine,,no CRM match - potentially new,https://publicgemdata.nyc3.cdn.digitaloceanspaces.com/Current_maps/gcmt-smp/gcmt-smp_map_2026-08.geojson
Naudesbank Colliery,Seriti Coal Pty Ltd,Community Investment Holdings Pty Ltd; Zungu Investments Company Pty Ltd; Coalzar Pty Ltd; Masimong Group Holdings Pty Ltd; small shareholder(s); Batho Batho Trust; Seriti Coal Communities,operating,,0.05,Underground & Surface,Mpumalanga,-26.0862409,29.9263278,https://www.gem.wiki/Naudesbank_Colliery,,no CRM match - potentially new,https://publicgemdata.nyc3.cdn.digitaloceanspaces.com/Current_maps/gcmt-smp/gcmt-smp_map_2026-08.geojson
New Clydesdale Colliery,Ndalamo Resources Ltd; Universal Coal PLC,Ndalamo Resources Pty Ltd; TerraCom Ltd,operating,4.4,4.4,Underground & Surface,Mpumalanga,-26.13625,29.317149,https://www.gem.wiki/New_Clydesdale_coal_mine,,no CRM match - potentially new,https://publicgemdata.nyc3.cdn.digitaloceanspaces.com/Current_maps/gcmt-smp/gcmt-smp_map_2026-08.geojson
New Denmark Coal Mine,Seriti Coal Pty Ltd,Community Investment Holdings Pty Ltd; Zungu Investments Company Pty Ltd; Coalzar Pty Ltd; Masimong Group Holdings Pty Ltd; small shareholder(s); Batho Batho Trust; Seriti Coal Communities,operating,,4.39,Underground,Mpumalanga,-26.74005033,29.30901103,https://www.gem.wiki/New_Denmark_coal_mine,o_mu8ko0n6_5573u,matched CRM 'Seriti Resources — New Denmark Colliery' via short,https://publicgemdata.nyc3.cdn.digitaloceanspaces.com/Current_maps/gcmt-smp/gcmt-smp_map_2026-08.geojson
New Largo Coal Mine,New Largo Coal Pty Ltd,Industrial Development Corporation of South Africa Ltd; New Largo Employee Trust; New Largo Community Trust; Community Investment Holdings Pty Ltd; Zungu Investments Company Pty Ltd; Coalzar Pty Ltd; Masimong Group Holdings Pty Ltd; Batho Batho Trust,operating,6.2,2.1,Surface,Mpumalanga,-25.9052929,28.9732141,https://www.gem.wiki/New_Largo_coal_mine,o_mua24t5g_by1x4,matched CRM 'Seriti Resources — New Largo Colliery' via short,https://publicgemdata.nyc3.cdn.digitaloceanspaces.com/Current_maps/gcmt-smp/gcmt-smp_map_2026-08.geojson
New Vaal Coal Mine,Seriti Coal Pty Ltd,Community Investment Holdings Pty Ltd; Zungu Investments Company Pty Ltd; Coalzar Pty Ltd; Masimong Group Holdings Pty Ltd; small shareholder(s); Batho Batho Trust; Seriti Coal Communities,operating,,15.23,Surface,Free State,-26.7203572,27.9597806,https://www.gem.wiki/New_Vaal_coal_mine,o_mu8ko0n6_jl4ly,matched CRM 'Seriti Resources — New Vaal Colliery' via short,https://publicgemdata.nyc3.cdn.digitaloceanspaces.com/Current_maps/gcmt-smp/gcmt-smp_map_2026-08.geojson
Nkomati Anthracite Mine,Nkomati Anthracite Proprietary Limited,Afrimat Ltd,operating,,0.639,Underground & Surface,Mpumalanga,-25.7778149,31.8000417,https://www.gem.wiki/Nkomati_Anthracite_mine,o_mu3247y0_l6l2z,mine not in CRM; matched to parent/owner company row 'Afrimat' - mine is a site of an existing offtaker,https://publicgemdata.nyc3.cdn.digitaloceanspaces.com/Current_maps/gcmt-smp/gcmt-smp_map_2026-08.geojson
Nndanganeni Coal Mine,Lodani Coal Pty Ltd,Londani Coal Pty Ltd,operating,1.2,1.45,Surface,Mpumalanga,-25.83214,29.6935276,https://www.gem.wiki/Nndanganeni_coal_mine,,no CRM match - potentially new,https://publicgemdata.nyc3.cdn.digitaloceanspaces.com/Current_maps/gcmt-smp/gcmt-smp_map_2026-08.geojson
North Block Complex,Ndalamo Resources Ltd; Universal Coal PLC,Ndalamo Resources Pty Ltd; TerraCom Ltd,operating,5.1,5.1,Surface,Mpumalanga,-25.694582,30.013851,https://www.gem.wiki/North_Block_Complex_coal_mine#cite_note-2,o_mu8ko0n6_2kmqq,matched CRM 'Thungela Resources — North Block Complex' via short,https://publicgemdata.nyc3.cdn.digitaloceanspaces.com/Current_maps/gcmt-smp/gcmt-smp_map_2026-08.geojson
Optimum Coal Mine,Liberty Mine Services,Liberty Mine Services,mothballed,12.0,,Underground & Surface,Mpumalanga,-26.0048466,29.6114906,https://www.gem.wiki/Optimum_Coal_Mine,,no CRM match - potentially new,https://publicgemdata.nyc3.cdn.digitaloceanspaces.com/Current_maps/gcmt-smp/gcmt-smp_map_2026-08.geojson
Overlooked Mine,Overlooked Colliery,Overlooked Colliery Pty Ltd,operating,3.25,1.15,Underground & Surface,Mpumalanga,-26.23771897,29.52799148,https://www.gem.wiki/Overlooked_coal_mine,,no CRM match - potentially new,https://publicgemdata.nyc3.cdn.digitaloceanspaces.com/Current_maps/gcmt-smp/gcmt-smp_map_2026-08.geojson
Paardekop Coal Mine,Glencore PLC,Glencore PLC,shelved,5.0,,Underground,Mpumalanga,-27.23,29.72305556,https://www.gem.wiki/Paardekop_coal_project,,no CRM match - potentially new,https://publicgemdata.nyc3.cdn.digitaloceanspaces.com/Current_maps/gcmt-smp/gcmt-smp_map_2026-08.geojson
Palesa Coal Mine,HCI Coal,Hosken Consolidated Investments Ltd,operating,,4.03,Surface,Mpumalanga,-25.526449,28.776539,https://www.gem.wiki/Palesa_coal_mine,o_mu3247y0_e8g5v,mine not in CRM; matched to parent/owner company row 'HCI Coal' - mine is a site of an existing offtaker,https://publicgemdata.nyc3.cdn.digitaloceanspaces.com/Current_maps/gcmt-smp/gcmt-smp_map_2026-08.geojson
Pegasus Coal Mine,Seriti Coal Pty Ltd,Community Investment Holdings Pty Ltd; Zungu Investments Company Pty Ltd; Coalzar Pty Ltd; Masimong Group Holdings Pty Ltd; small shareholder(s); Batho Batho Trust; Seriti Coal Communities,operating,,2.13,Surface,Mpumalanga,-25.7819476,29.1998386,https://www.gem.wiki/Pegasus_Coal_Mine,,no CRM match - potentially new,https://publicgemdata.nyc3.cdn.digitaloceanspaces.com/Current_maps/gcmt-smp/gcmt-smp_map_2026-08.geojson
Phalanndwa Colliery,Canyon Coal Pty Ltd,Canyon Coal,closed,1.44,1.7,Surface,Mpumalanga,-26.11276,28.817921,,,no CRM match - potentially new,https://publicgemdata.nyc3.cdn.digitaloceanspaces.com/Current_maps/gcmt-smp/gcmt-smp_map_2026-08.geojson
Rietvlei Colliery,Rietvlei Mining Company Pty Ltd,Emalangeni Mining Resources Pty Ltd; Mwelase Investment Holdings Pty Ltd,mothballed,,2.2,Surface,Mpumalanga,-25.666781,29.653379,https://www.gem.wiki/Rietvlei_Colliery,,no CRM match - potentially new,https://publicgemdata.nyc3.cdn.digitaloceanspaces.com/Current_maps/gcmt-smp/gcmt-smp_map_2026-08.geojson
Rirhandzu Colliery,Mbuyelo Group,Mbuyelo Group Pty Ltd,mothballed,,1.2,Surface,Mpumalanga,-26.095267,28.897542,https://www.gem.wiki/Rirhandzu_Colliery,,no CRM match - potentially new,https://publicgemdata.nyc3.cdn.digitaloceanspaces.com/Current_maps/gcmt-smp/gcmt-smp_map_2026-08.geojson
Savmore-Maquasa Coal Mine,Kangra Coal,Menar Capital Pty Ltd,mothballed,,2,Underground & Surface,Mpumalanga,-27.022643,30.416541,https://www.gem.wiki/Savmore-Maquasa_coal_mine,,no CRM match - potentially new,https://publicgemdata.nyc3.cdn.digitaloceanspaces.com/Current_maps/gcmt-smp/gcmt-smp_map_2026-08.geojson
Schurvekop Coal Mine,Mmakau Coal,unknown; Exxaro Resources Ltd,proposed,1.3,,Underground,Mpumalanga,-26.2535159,29.2820103,https://www.gem.wiki/Schurvekop_Coal_Mine,,no CRM match - potentially new,https://publicgemdata.nyc3.cdn.digitaloceanspaces.com/Current_maps/gcmt-smp/gcmt-smp_map_2026-08.geojson
Shondoni Coal Mine,Sasol Mining Pty Ltd,Sasol Ltd,operating,,5.6,Underground,Mpumalanga,-26.4675105,29.0536435,https://www.gem.wiki/Shondoni_mine,o_mu3247y0_iedme,mine not in CRM; matched to parent/owner company row 'Sasol Mining' - mine is a site of an existing offtaker,https://publicgemdata.nyc3.cdn.digitaloceanspaces.com/Current_maps/gcmt-smp/gcmt-smp_map_2026-08.geojson
Sigma Mooikraal Operations,Sasol Mining Pty Ltd,Sasol Ltd,operating,,1,Underground,Free State,-26.942049,27.730898,https://www.gem.wiki/Sigma_Mooikraal_coal_mine,o_mu3247y0_iedme,mine not in CRM; matched to parent/owner company row 'Sasol Mining' - mine is a site of an existing offtaker,https://publicgemdata.nyc3.cdn.digitaloceanspaces.com/Current_maps/gcmt-smp/gcmt-smp_map_2026-08.geojson
Singani Colliery,Canyon Coal,,closed,,,Surface,,-25.6803558,29.7302978,,,no CRM match - potentially new,https://publicgemdata.nyc3.cdn.digitaloceanspaces.com/Current_maps/gcmt-smp/gcmt-smp_map_2026-08.geojson
Siphiwo Colliery,STA Coal Mining Company Pty Ltd,STA Coal Mining Company Pty Ltd,operating,,,Underground,Mpumalanga,-26.5241678,29.9985254,https://www.gem.wiki/Siphiwo_Colliery,,no CRM match - potentially new,https://publicgemdata.nyc3.cdn.digitaloceanspaces.com/Current_maps/gcmt-smp/gcmt-smp_map_2026-08.geojson
Somkhele Coal Mine,Tendele Coal Mining,Petmin Pty Ltd; member/employee owned,mothballed,,,Surface,KwaZulu-Natal,-28.31081091,32.0661844,https://www.gem.wiki/Somkhele_mine,,no CRM match - potentially new,https://publicgemdata.nyc3.cdn.digitaloceanspaces.com/Current_maps/gcmt-smp/gcmt-smp_map_2026-08.geojson
Somkhele Coal Mine,Tendele Coal Mining,Petmin Pty Ltd; member/employee owned,proposed,,,Surface,KwaZulu-Natal,-28.31081091,32.0661844,https://www.gem.wiki/Somkhele_mine,,no CRM match - potentially new,https://publicgemdata.nyc3.cdn.digitaloceanspaces.com/Current_maps/gcmt-smp/gcmt-smp_map_2026-08.geojson
Somkhele Coal Mine,Tendele Coal Mining,Petmin Pty Ltd; member/employee owned,proposed,,,Surface,KwaZulu-Natal,-28.31081091,32.0661844,https://www.gem.wiki/Somkhele_mine,,no CRM match - potentially new,https://publicgemdata.nyc3.cdn.digitaloceanspaces.com/Current_maps/gcmt-smp/gcmt-smp_map_2026-08.geojson
Spitzkop Coal Mine,Great Force Investments 178 (GFI); Iron Light,Great Force Investments 178 Pty Ltd; Iron Light,mothballed,1.2,,Underground & Surface,Mpumalanga,-26.26781,30.0316,https://www.gem.wiki/Spitzkop_coal_mine,,no CRM match - potentially new,https://publicgemdata.nyc3.cdn.digitaloceanspaces.com/Current_maps/gcmt-smp/gcmt-smp_map_2026-08.geojson
Springboklaagte Coal Mine,Ndalamo Resources Pty Ltd,Ndalamo Resources Pty Ltd,proposed,1.81,,Underground,Mpumalanga,-25.748451,29.538781,https://www.gem.wiki/Springboklaagte_coal_project,,no CRM match - potentially new,https://publicgemdata.nyc3.cdn.digitaloceanspaces.com/Current_maps/gcmt-smp/gcmt-smp_map_2026-08.geojson
Springlake Coal Mine,Menar Group,Menar Capital Pty Ltd,operating,,0.72,Underground,KwaZulu-Natal,-28.0563678,30.1158294,https://www.gem.wiki/Springlake_Coal_Mine,,no CRM match - potentially new,https://publicgemdata.nyc3.cdn.digitaloceanspaces.com/Current_maps/gcmt-smp/gcmt-smp_map_2026-08.geojson
Sterkfontein Coal Mine,Salungano Group Ltd,Salungano Group Ltd,proposed,1.25,,Underground,Mpumalanga,-26.5443525,29.3543868,https://www.gem.wiki/Sterkfontein_coal_project,,no CRM match - potentially new,https://publicgemdata.nyc3.cdn.digitaloceanspaces.com/Current_maps/gcmt-smp/gcmt-smp_map_2026-08.geojson
Stuart Colliery,Stuart Coal,Stuart Coal Pty Ltd,mothballed,,3,Surface,Mpumalanga,-26.13373,28.771158,https://www.gem.wiki/Stuart_Delmas_coal_mine,,no CRM match - potentially new,https://publicgemdata.nyc3.cdn.digitaloceanspaces.com/Current_maps/gcmt-smp/gcmt-smp_map_2026-08.geojson
Sukuma Coal Mine,Canyon Coal Pty Ltd,natural person(s); Menar Capital Pty Ltd,proposed,7.2,,Surface,Gauteng,-26.613404,27.951019,https://www.gem.wiki/Sukuma_Coal_Mine,,no CRM match - potentially new,https://publicgemdata.nyc3.cdn.digitaloceanspaces.com/Current_maps/gcmt-smp/gcmt-smp_map_2026-08.geojson
Syferfontein Coal Mine,Sasol Mining Pty Ltd,Sasol Ltd,operating,6.0,8.4,Underground,Mpumalanga,-26.4097539,29.2010596,https://www.gem.wiki/Syferfontein_coal_mine,o_mu3247y0_iedme,mine not in CRM; matched to parent/owner company row 'Sasol Mining' - mine is a site of an existing offtaker,https://publicgemdata.nyc3.cdn.digitaloceanspaces.com/Current_maps/gcmt-smp/gcmt-smp_map_2026-08.geojson
Thabametsi Coal Mine,Exxaro Resources Ltd,Exxaro Resources Ltd,proposed,3.0,,Surface,Limpopo,-23.663812,27.486556,https://www.gem.wiki/Thabametsi_coal_mine,,no CRM match - potentially new,https://publicgemdata.nyc3.cdn.digitaloceanspaces.com/Current_maps/gcmt-smp/gcmt-smp_map_2026-08.geojson
Thuso Coal Project,Canyon Coal Pty Ltd,natural person(s); Menar Capital Pty Ltd,proposed,1.2,,Underground & Surface,Mpumalanga,-26.399097,29.3187451,https://www.gem.wiki/Witfontein_Coal_Project,,no CRM match - potentially new,https://publicgemdata.nyc3.cdn.digitaloceanspaces.com/Current_maps/gcmt-smp/gcmt-smp_map_2026-08.geojson
Tselentis Coal Mine,Great Force Investments 178 (GFI); Iron Light,Great Force Investments 178 Pty Ltd; Iron Light,mothballed,1.2,0.71,Underground,Mpumalanga,-26.26470683,30.0291262,https://www.gem.wiki/Tselentis_Coal_Mine,,no CRM match - potentially new,https://publicgemdata.nyc3.cdn.digitaloceanspaces.com/Current_maps/gcmt-smp/gcmt-smp_map_2026-08.geojson
Tumelo Coal Mine,Overlooked Colliery Alpha Ltd,Overlooked Colliery Alpha Pty Ltd,operating,,0.42,Underground & Surface,Mpumalanga,-26.233238,29.531998,https://www.gem.wiki/Exxaro_Coal_Central_(ECC)_Complex,,no CRM match - potentially new,https://publicgemdata.nyc3.cdn.digitaloceanspaces.com/Current_maps/gcmt-smp/gcmt-smp_map_2026-08.geojson
Tweefontein Coal Mine,Glencore Holdings South Africa Pty Ltd,Glencore Holdings South Africa Pty Ltd,operating,,8.9,Underground & Surface,Mpumalanga,-26.0383942,29.1613318,https://www.gem.wiki/Tweefontein_mine_complex,o_mu8ko0n6_mwtzf,matched CRM 'Glencore — Tweefontein Complex' via short,https://publicgemdata.nyc3.cdn.digitaloceanspaces.com/Current_maps/gcmt-smp/gcmt-smp_map_2026-08.geojson
Twistdraai Thubelisha Coal Mine,Sasol Mining Pty Ltd,Sasol Ltd,operating,,7.5,Underground,Mpumalanga,-26.4632919,29.2857112,https://www.gem.wiki/Twistdraai_Thubelisha_Colliery,o_mu3247y0_iedme,mine not in CRM; matched to parent/owner company row 'Sasol Mining' - mine is a site of an existing offtaker,https://publicgemdata.nyc3.cdn.digitaloceanspaces.com/Current_maps/gcmt-smp/gcmt-smp_map_2026-08.geojson
Ubuntu Colliery,Ndalamo Resources; Universal Coal PLC,Ndalamo Resources Pty Ltd; TerraCom Ltd,mothballed,0.9,0.83,Surface,Mpumalanga,-26.1942024,28.862812,https://www.gem.wiki/Ubuntu_coal_project,,no CRM match - potentially new,https://publicgemdata.nyc3.cdn.digitaloceanspaces.com/Current_maps/gcmt-smp/gcmt-smp_map_2026-08.geojson
Uitkomst Colliery,MC Mining Ltd,MC Mining Ltd,mothballed,,0.39,Underground,KwaZulu-Natal,-26.098859,29.042869,https://www.gem.wiki/Uitkomst_Colliery,o_mu3247y0_7qolv,mine not in CRM; matched to parent/owner company row 'MC Mining' - mine is a site of an existing offtaker,https://publicgemdata.nyc3.cdn.digitaloceanspaces.com/Current_maps/gcmt-smp/gcmt-smp_map_2026-08.geojson
Ukuduma Colliery,Canyon Coal Pty Ltd,natural person(s); Menar Capital Pty Ltd,proposed,0.05,,Underground,KwaZulu-Natal,-27.483887,30.103335,https://www.gem.wiki/Ukuduma_Colliery,,no CRM match - potentially new,https://publicgemdata.nyc3.cdn.digitaloceanspaces.com/Current_maps/gcmt-smp/gcmt-smp_map_2026-08.geojson
Ukufisa Colliery,Canyon Coal Pty Ltd,natural person(s); Menar Capital Pty Ltd,operating,,0.14,Surface,Gauteng,-26.24262131,28.51242532,https://www.gem.wiki/Ukufisa_Colliery,,no CRM match - potentially new,https://publicgemdata.nyc3.cdn.digitaloceanspaces.com/Current_maps/gcmt-smp/gcmt-smp_map_2026-08.geojson
Ukwenama Coal Mine,Canyon Coal Pty Ltd,natural person(s); Menar Capital Pty Ltd,proposed,0.6,,Surface,Mpumalanga,-25.816215,29.479086,https://www.gem.wiki/Ukwenama_Coal_Mine,,no CRM match - potentially new,https://publicgemdata.nyc3.cdn.digitaloceanspaces.com/Current_maps/gcmt-smp/gcmt-smp_map_2026-08.geojson
Umlabu Colliery,South African Coal Mining Holdings,unknown; JSW Energy Ltd,mothballed,,0,Surface,Mpumalanga,-26.37524283,29.99049002,https://www.gem.wiki/Umlabu_Colliery_coal_mine,,no CRM match - potentially new,https://publicgemdata.nyc3.cdn.digitaloceanspaces.com/Current_maps/gcmt-smp/gcmt-smp_map_2026-08.geojson
Umzila Coal Mine,Canyon Coal Pty Ltd,natural person(s); Menar Capital Pty Ltd,proposed,3.0,,Underground,Mpumalanga,-26.107386,29.63652,https://www.gem.wiki/Umzila_Coal_Mine,,no CRM match - potentially new,https://publicgemdata.nyc3.cdn.digitaloceanspaces.com/Current_maps/gcmt-smp/gcmt-smp_map_2026-08.geojson
Vaalbank Coal Mine,Puckree Group,Puckree Group Pty Ltd,operating,0.9,,Surface,Mpumalanga,-25.8474146,29.4700929,https://www.gem.wiki/Vaalbank_coal_mine,,no CRM match - potentially new,https://publicgemdata.nyc3.cdn.digitaloceanspaces.com/Current_maps/gcmt-smp/gcmt-smp_map_2026-08.geojson
Vaalkrantz Colliery,Bayethe Energy Ltd,Keaton Energy,closed,,,Underground,Kwazulu-Natal,-27.76671,30.95085,,,no CRM match - potentially new,https://publicgemdata.nyc3.cdn.digitaloceanspaces.com/Current_maps/gcmt-smp/gcmt-smp_map_2026-08.geojson
Vanggatfontein Coal Mine,Salungano Group Ltd,Salungano Group Ltd,mothballed,4.08,0.73,Underground & Surface,Mpumalanga,-26.173803,28.843381,https://www.gem.wiki/Vanggatfontein_coal_mine,,no CRM match - potentially new,https://publicgemdata.nyc3.cdn.digitaloceanspaces.com/Current_maps/gcmt-smp/gcmt-smp_map_2026-08.geojson
Vanggatfontein Coal Mine,Salungano Group Ltd,Salungano Group Ltd,proposed,,,Surface,Mpumalanga,-26.173803,28.843381,https://www.gem.wiki/Vanggatfontein_coal_mine,,no CRM match - potentially new,https://publicgemdata.nyc3.cdn.digitaloceanspaces.com/Current_maps/gcmt-smp/gcmt-smp_map_2026-08.geojson
Vele Colliery,MC Mining Ltd,MC Mining Ltd,mothballed,0.9,0,Surface,Limpopo,-22.173056,29.680278,https://www.gem.wiki/Vele_coal_mine,o_mu3247y0_7qolv,mine not in CRM; matched to parent/owner company row 'MC Mining' - mine is a site of an existing offtaker,https://publicgemdata.nyc3.cdn.digitaloceanspaces.com/Current_maps/gcmt-smp/gcmt-smp_map_2026-08.geojson
Verkeerdepan Coal Mine,Msobo Coal Pty Ltd,Msobo Coal Pty Ltd,operating,,,Surface,Mpumalanga,-26.145015,30.043459,https://www.gem.wiki/Verkeerdepan_Coal_Mine,o_mu3247y0_6uozc,mine not in CRM; matched to parent/owner company row 'Msobo Coal' - mine is a site of an existing offtaker,https://publicgemdata.nyc3.cdn.digitaloceanspaces.com/Current_maps/gcmt-smp/gcmt-smp_map_2026-08.geojson
Vlakfontein Coal Mine,African Exploration Mining and Finance Corp,CEF SOC Ltd,operating,2.0,1,Surface,Mpumalanga,-26.012217,28.959867,https://www.gem.wiki/Vlakfontein_coal_mine,,no CRM match - potentially new,https://publicgemdata.nyc3.cdn.digitaloceanspaces.com/Current_maps/gcmt-smp/gcmt-smp_map_2026-08.geojson
Vlakvarkfontein Coal Mine,Reliable African Energy NV,Reliable African Energy NV,operating,,0.96,Surface,Mpumalanga,-26.09176,28.903528,https://www.gem.wiki/Vlakvarkfontein_coal_mine,,no CRM match - potentially new,https://publicgemdata.nyc3.cdn.digitaloceanspaces.com/Current_maps/gcmt-smp/gcmt-smp_map_2026-08.geojson
Vunene Coal Mine,Reliable African Energy NV,Reliable African Energy NV,mothballed,,1.92,Underground & Surface,Mpumalanga,-26.577649,30.102459,https://www.gem.wiki/Usutu_coal_mine,,no CRM match - potentially new,https://publicgemdata.nyc3.cdn.digitaloceanspaces.com/Current_maps/gcmt-smp/gcmt-smp_map_2026-08.geojson
Waterberg Coal Project,Sekoko Coal Pty Ltd,Sekoko Coal Pty Ltd,mothballed,10.0,,Surface,Limpopo,-23.663061,27.447315,https://www.gem.wiki/Waterberg_Coal_Project,,no CRM match - potentially new,https://publicgemdata.nyc3.cdn.digitaloceanspaces.com/Current_maps/gcmt-smp/gcmt-smp_map_2026-08.geojson
Welgemeend Coal Mine,Reliable African Energy NV,Reliable African Energy NV,operating,,2.5,Underground & Surface,Mpumalanga,-26.1678722,29.8631123,https://www.gem.wiki/Welgemeend_coal_mine,,no CRM match - potentially new,https://publicgemdata.nyc3.cdn.digitaloceanspaces.com/Current_maps/gcmt-smp/gcmt-smp_map_2026-08.geojson
Welstand Coal Mine,Mbuyelo Coal,unknown; Africa Coal Partners Ltd,operating,2.5,,Underground & Surface,Mpumalanga,-26.3243535,29.2614021,https://www.gem.wiki/Welstand_coal_project,o_mu3247y0_ec9yt,mine not in CRM; matched to parent/owner company row 'Mbuyelo Coal' - mine is a site of an existing offtaker,https://publicgemdata.nyc3.cdn.digitaloceanspaces.com/Current_maps/gcmt-smp/gcmt-smp_map_2026-08.geojson
Weltevreden Project,Seriti Power Pty Ltd,Community Investment Holdings Pty Ltd; Zungu Investments Company Pty Ltd; Coalzar Pty Ltd; Masimong Group Holdings Pty Ltd; Batho Batho Trust,proposed,5.0,,Underground & Surface,Mpumalanga,-25.991333,29.061537,https://www.gem.wiki/Weltevreden_coal_project,,no CRM match - potentially new,https://publicgemdata.nyc3.cdn.digitaloceanspaces.com/Current_maps/gcmt-smp/gcmt-smp_map_2026-08.geojson
Wildebeestfontein Colliery,Opsirex,Opsirex Pty Ltd,operating,1.8,,Surface,Mpumalanga,-25.97542853,29.05515174,https://www.gem.wiki/Wildebeestfontein_Colliery,,no CRM match - potentially new,https://publicgemdata.nyc3.cdn.digitaloceanspaces.com/Current_maps/gcmt-smp/gcmt-smp_map_2026-08.geojson
Witrand Coal Mine,Puckree Group,Puckree Group,closed,,0.129,Surface,Mpumalanga,-26.165833,30.078611,,,no CRM match - potentially new,https://publicgemdata.nyc3.cdn.digitaloceanspaces.com/Current_maps/gcmt-smp/gcmt-smp_map_2026-08.geojson
Woestalleen Colliery,Coal of Africa,MC Mining Ltd,mothballed,1.85,,Surface,Mpumalanga,-25.9464473,29.6269283,https://www.gem.wiki/Woestalleen_Colliery,o_mu3247y0_7qolv,mine not in CRM; matched to parent/owner company row 'MC Mining' - mine is a site of an existing offtaker,https://publicgemdata.nyc3.cdn.digitaloceanspaces.com/Current_maps/gcmt-smp/gcmt-smp_map_2026-08.geojson
Wonderfontein Coal Mine,Ndalamo Resources Pty Ltd,Ndalamo Resources Pty Ltd,operating,4.2,3.5,Surface,Mpumalanga,-25.851338,29.866819,https://www.gem.wiki/Wonderfontein_coal_mine,,no CRM match - potentially new,https://publicgemdata.nyc3.cdn.digitaloceanspaces.com/Current_maps/gcmt-smp/gcmt-smp_map_2026-08.geojson
Zibulo Coal Mine,Anglo American Inyosi Coal Pty Ltd,Thungela Resources Ltd; Nkulo Community Partnership Trust; Sisonke Employee Empowerment Scheme,operating,8.0,4.5,Underground,Mpumalanga,-26.0437291,29.0407323,https://www.gem.wiki/Zibulo_coal_mine,o_mu3247y0_wtozh,mine not in CRM; matched to parent/owner company row 'Thungela Resources' - mine is a site of an existing offtaker,https://publicgemdata.nyc3.cdn.digitaloceanspaces.com/Current_maps/gcmt-smp/gcmt-smp_map_2026-08.geojson
Zimpande Coal Mine,Leeuw Braakfontein Colliery Pty Ltd,Leeuw Braakfontein Colliery Pty Ltd,proposed,1.3,,Underground & Surface,KwaZulu-Natal,-26.2047,28.8325,https://www.gem.wiki/Zimpande_coal_project,,no CRM match - potentially new,https://publicgemdata.nyc3.cdn.digitaloceanspaces.com/Current_maps/gcmt-smp/gcmt-smp_map_2026-08.geojson
Zonnebloem Coal Mine,Glencore Operations SA,unknown; Glencore PLC,mothballed,,0.8,Surface,Mpumalanga,-25.705416,29.739185,https://www.gem.wiki/Zonnebloem_coal_mine,,no CRM match - potentially new,https://publicgemdata.nyc3.cdn.digitaloceanspaces.com/Current_maps/gcmt-smp/gcmt-smp_map_2026-08.geojson
Zululand Anthracite Colliery,Menar,Menar Capital Pty Ltd,operating,,0.15,Underground,KwaZulu-Natal,-28.2215669,31.6738147,https://www.gem.wiki/Zululand_Anthracite_Colliery,o_mu3247y0_uypqd,mine not in CRM; matched to parent/owner company row 'Menar (Canyon Coal / Zululand Anthracite)' - mine is a site of an existing offtaker,https://publicgemdata.nyc3.cdn.digitaloceanspaces.com/Current_maps/gcmt-smp/gcmt-smp_map_2026-08.geojson
