id,website,site_town,province,lat,lng,commodity,operations,scale_note,status_flag,source_url
"p-atlas-tower-pro-high-site","https://atlastowers.com","Paarl","Western Cape","","","telecoms towers","Two separate small/mid towercos. Atlas Tower SA: build-to-suit towerco founded in SA 2014 (US parent Atlas Tower Group, Boulder CO); SA portfolio sold to SBA Communications Aug 2019 (94% for ~USD140m; SBA later took 100%) and now trades as SBA's only African subsidiary. Pro High Site Communication: Roodepoort high-site landlord (1 Nolene St, Constantia Kloof) renting 9 Gauteng high sites (Northcliff, Honeydew, Krugersdorp, Randburg, Wonderboom, Lanseria etc.) to 2-way radio and ISP tenants.","Atlas SA: 889 towers at 2019 closing, ~900 sites; atlastowers.com announced 1,000 towers built in SA (Oct 2022); expected USD31m revenue first year. Atlas Group solarised 82% of its Kenya portfolio by Q4 2024 but no SA solar figure published. Pro High Site: 9 high sites, backup power mentioned only generically. Neither publishes GWh, PPA or net-zero data. Atlas SA offices: First Floor Omnipark Building 166 Main Road Paarl and 111 Harrington St Cape Town (older).","merged - now SBA Communications (Atlas Tower SA); Pro High Site active but tiny","https://www.sec.gov/Archives/edgar/data/1034054/000119312519276205/d667448dex991.htm | https://atlastowers.com/2022/10/30/1000-towers-built/ | https://prohighsite.co.za/ | https://sahris.sahra.org.za/organisations/atlas-tower"
"p-cell-c","https://www.cellc.co.za","Midrand","Gauteng","","","mobile network operator (asset-light)","Fourth mobile operator, now an asset-light MVNO-style operator: switched off all ~5,500 own towers/RAN (completed June 2023) and roams on MTN (prepaid/MVNO) and Vodacom (postpaid/broadband), ~14,000-29,500 partner towers. Own load is limited to head office (Waterfall Campus, Buccleuch, Midrand), core network and data-centre/switching sites. Listed on JSE main board 27 Nov 2025 (ticker CCD, ~R9bn market cap); controlling shareholder The Prepaid Company, wholly owned by Blu Label Unlimited Group (formerly Blue Label Telecoms; 53.57% pre-listing).","No towers owned; electricity load is offices + core/data-centre only, so weak wheeling prospect - the tower power spend sits with MTN and Vodacom. No published GWh, solar MW, PPA or net-zero target found on cellc.com. Ownership: Blu Label Unlimited via The Prepaid Company (majority); JSE listing 27 Nov 2025.","active","https://cellc.com/executive-committee | https://www.jse.co.za/news/news/jse-welcomes-south-african-mobile-and-data-services-provider-cell-c-main-board | https://www.connectingafrica.com/connectivity/sa-s-cell-c-network-100-migrated-to-partner-towers"
"p-frogfoot-herotel","https://www.frogfoot.com","Cape Town","Western Cape","","","fibre network operator (FTTH/FTTB) + fixed wireless","Two DIFFERENT owners, so this bundle is misassembled. Frogfoot Networks: open-access FTTH/FTTB operator, Cape Town based, subsidiary of Vivica Group (formerly Vox Holdings; Vox/Frogfoot valued R14.4bn in 2024 capital raise); ~380,000 homes passed (June 2024), 190+ ISPs, 13,000 businesses, 135,000 residential customers; bought ATC Africa's 11,000 km SA fibre assets Feb 2025. Herotel: largest fixed-wireless provider and third-largest FNO (335,000+ homes/businesses connected in 500+ towns, wireless high sites in small towns); Vumatel bought 45% in Feb 2022 and took 100% (Competition Commission Mar 2025, Tribunal Dec 2025), now a Maziv/Remgro company.","Load is distributed: fibre POPs/nodes (inverter + LFP batteries at all Frogfoot nodes, generators at large nodes - stage-8 proof per May 2023) plus Herotel wireless high sites. No MW solar, PPA, GWh or net-zero figures published by either. Herotel head office is in Cape Town region (Bellville/Durbanville historically) - not confirmed on site.","active - but Herotel: duplicate-of-existing-record - Vumatel/Maziv (100% owned since Dec 2025); Frogfoot: Vivica Group","https://www.frogfoot.com/about-us/ | https://www.herotel.com/about/ | https://www.businessday.co.za/companies/2025-12-23-vumatels-takeover-of-herotel-gets-nod-from-competition-tribunal/ | https://mybroadband.co.za/news/fibre/497827-not-even-stage-8-load-shedding-can-take-down-south-africas-fibre-networks.html"
"p-helios-towers","https://www.heliostowers.com","Johannesburg","Gauteng","","","telecoms towers","Helios Towers South Africa (Pty) Ltd - greenfield entry 2019 (bought SA Towers), part of London-listed Helios Towers plc (9 markets). SA office: 1st Floor, Hertford Office Park Block I, 90 Bekker Road, Vorna Valley, Midrand (Johannesburg), tel +27 11 979 7061. Sites are grid-connected macro towers with backup; group runs power for tenants (MTN, Vodacom, Telkom, Cell C-partners).","388 sites, 840 tenants, 2.16x tenancy ratio (H1 2026). Group: Project 100 = USD100m 2022-2030 for grid connection, solar and battery (USD44m spent to date, USD11m in 2025); target -36% carbon per tenant by 2030 vs 2020, -10% achieved. Ghana solar hybrid on 409 sites (1.47 GWh by Jul 2025) but no SA-specific solar/PPA/GWh disclosed. SA is Helios' smallest and most grid-reliant market - wheeling into 388 grid sites is the natural pitch.","active","https://www.heliostowers.com/where-we-operate/south-africa/ | https://www.heliostowers.com/our-impact/our-sustainable-business-strategy/ | https://www.heliostowers.com/who-we-are/leadership/executive-leadership-team/"
"p-ihs-towers-south-africa","https://www.ihstowers.com/za-en","Johannesburg","Gauteng","","","telecoms towers + power-as-a-service","IHS South Africa (Pty) Ltd, established May 2022 on closing of MTN SA sale-and-leaseback of 5,701 towers (R6.4bn / USD412m); IHS also took over power management for MTN SA sites - the largest independent towerco in SA. Parent IHS Holding (NYSE: IHS, ~37,000 towers in 7 markets). Head office Johannesburg (IHS site blocked by bot challenge; street address not confirmed).","~5,700 towers in SA incl. power services for MTN (IHS manages power on ~13,000 MTN sites group-wide). Group Project Green: USD209.4m carbon-reduction capex since 2022, -11% Scope 1+2 intensity (2024 report); ~60 MW solar deployed in Nigeria; no SA-specific solar MW, PPA or GWh disclosed; Level 4 B-BBEE. STATUS: MTN Group announced acquisition of the 75.3% of IHS it does not own (USD8.50/share, ~USD6.2bn EV) on 17 Feb 2026; IHS shareholders approved 4 Aug 2026; regulatory approvals pending - if completed IHS SA becomes a wholly owned MTN subsidiary, merging this buyer with p-mtn-south-africa.","merged - now MTN Group (pending regulatory approval; IHS shareholders approved Aug 2026)","https://www.ihstowers.com/support-and-info/media/press-releases/2026/ihs-towers-announces-proposed-sale-to-mtn-group-limited-for-appr | https://www.mtn.com/mtn-group-announces-proposed-acquisition-of-ihs-towers/ | https://www.datacenterdynamics.com/en/news/south-africas-ihs-acquires-5701-towers-from-mtn-for-412m/ | https://www.businesswire.com/news/home/20250527024904/en/IHS-Towers-Publishes-2024-Sustainability-Report"
"p-liquid-intelligent-technologies","https://liquid.tech","Midrand","Gauteng","","","fibre backbone, enterprise connectivity, cloud & cyber (Cassava Technologies)","Liquid Intelligent Technologies South Africa (ex-Neotel), a business of Cassava Technologies (Strive Masiyiwa). Nation-wide fibre backbone to 40+ cities/towns, >30,000 km of SA fibre (110,000 km group), 5,000+ business customers, ~100,000 addresses passed. Head office 401 Old Pretoria Rd, Halfway House, Midrand 1685; tel +27 11 585 0000; support@liquid.tech. Sister company Africa Data Centres (separate record) carries the big data-centre load.","Own SA load = fibre POPs/repeater sites, switching centres, Midrand campus. Group: net-zero ambition by 2040 (Cassava sustainability strategy); Cassava publishes annual sustainability + carbon footprint reports (2024-2026). The 12 MW Free State solar farm under a 20-year renewable power agreement (announced Jul 2025) is Africa Data Centres', to power Cape Town then Johannesburg campuses, with ADC net-zero Scope 1+2 by 2035 - not Liquid's. No Liquid-specific GWh or wheeling deal published. Leadership: CFO Lorraine Harper left Sept 2026, interim Fayyaz Ansari.","active","https://liquid.tech/countries/south-africa/ | https://liquid.tech/team-cat/operating-ceos/ | https://liquid.tech/about-us/sustainability/ | https://liquid.tech/about-us/news/shaping-a-safer-greener-digital-africa/"
"p-mtn-south-africa","https://www.mtn.co.za","Johannesburg","Gauteng","","","mobile network operator (towers, switching centres, data centres, HQ campus)","MTN South Africa (Mobile Telephone Networks Pty Ltd), 100% MTN Group. Head office 216 14th Avenue, Fairland, Johannesburg (Roodepoort). Sold 5,701 towers to IHS in 2022 (R6.4bn) with IHS taking over site power management, but retains its own core/switching/data-centre load, remaining sites and the Fairland campus. MTN Group is now buying 100% of IHS Towers (announced Feb 2026) which would bring the towers back in-house. Regional oversight: Ebenezer Asante, SVP Southern & East Africa, Ghana and Sudan.","Fairland HQ solar park: 5 MW PV (9,159 panels) + 2 MW / 6 MWh BESS, ~40% of HQ demand, 9.3 GWh/yr saving, 9,672 tCO2/yr; MTN SA target net zero by 2040 (group also 2040; SBTi 2030 interim). >USD100m spent on generators and batteries for load-shedding resilience (2023). MTN says it is exploring virtual wheeling but no wheeling/PPA signed as at Sept 2026 (Vodacom has one; MTN does not). Group FY24: 14,794 alternative-energy sites, 3,002 solar-only (2022 figure). No SA GWh disclosed in fetched pages (FY25 ESG data booklet too large to fetch).","active","https://www.mtn.com/case-study/partnerships-for-the-planet-clean-energy-solutions-mtn-sa/ | https://www.engineeringnews.co.za/article/mtn-south-africas-solar-project-progresses-net-zero-ambitions-2024-02-14 | https://www.mtn.com/leadership/ | https://www.mtn.com/mtn-group-announces-proposed-acquisition-of-ihs-towers/"
"p-rain","https://www.rain.co.za","Cape Town","Western Cape","","","mobile network operator (4G/5G data-only, own sites)","rain (Pty) Ltd - privately held data-only MNO founded 2016, Cape Town HQ; owns its own 5G/4G radio sites (roams on Vodacom for 4G) and holds 2.6 GHz/3.6 GHz spectrum. Shareholders (ITWeb Jul 2025): Quarme Private Equity (Paul Harris) 41.36%, ARC 20.25%, Pluvial 11.75%, Montegray Capital (Michael Jordaan) 11.53%, Ata Fund 1 6.42%.","Site count not disclosed on rain.co.za; Wikipedia's 'more than 600 5G towers' is stale (early 5G build). No solar MW, PPA, wheeling, GWh or net-zero target published by rain. No public leadership or contact page - CFO/CTO/energy seats unfilled from official sources.","active","https://www.itweb.co.za/article/rain-appoints-conrad-leigh-as-new-ceo/8OKdWMDXznJMbznQ | https://en.wikipedia.org/wiki/Rain_(telecommunications)"
"p-telkom-openserve-swiftnet","https://www.telkom.co.za","Centurion","Gauteng","","","fixed-line & mobile operator; Openserve wholesale fibre/exchanges; Gyro property; (Swiftnet towers - sold)","Telkom SA SOC Ltd (JSE: TKG, government ~40%) with units Openserve (wholesale network, ~1,000+ electronic telecommunication exchanges/ETEs plus fibre POPs), Telkom Consumer & Small Business, BCX and Gyro (property + site energy). Head office Telkom Park, 61 Oak Avenue, Centurion. SWIFTNET (5,000+ tower sites, Pretoria) was sold to an Actis-led consortium (Actis 70% / Royal Bafokeng Holdings 30%, incl. MIC) for R6.75bn EV; completed 28 Mar 2025 - it is now an independent towerco with its own exco (rows attached).","Scope 2 FY2025: 541,268 tCO2e (-6% YoY) which implies roughly 500-550 GWh of grid electricity (inferred from SA grid factor, not stated). Solar: 4.2 MWp installed (Telkom Park 3 MW + 1 MW; Bellville 168 kWp), further 3 MWp + batteries planned across 1,000+ exchanges; 1,240 sites on lithium-ion batteries, 326 sites with solar (FY2025, from 800/50 in FY2024); 613 smart meters. Targets: SBTi-approved, 4.2% linear annual cut (26,840 tCO2e/yr), carbon neutral 2035, net zero 2040; Scope 1+2 down 32% vs FY2022. No wheeling/PPA signed as at Sept 2026 (unlike Vodacom).","active - Swiftnet: merged - now Actis / Royal Bafokeng Holdings (Mar 2025)","https://www.telkom-reports.co.za/reports/ar-2025/natural-capital.php | https://group.telkom.co.za/about-us/mediacentre/currentreleases/2024/Telkom-invests-in-solarpower-solutions-for-sustainable-future-20241014.html | https://www.act.is/2025/03/28/actis-led-consortium-completes-acquisition-of-leading-south-african-tower-platform-swiftnet/ | https://swiftnet.co.za/our-people/"
"vodacom","https://www.vodacom.co.za","Midrand","Gauteng","","","mobile network operator - network estate (base stations, switching centres, data centres, Vodacom campus)","Vodacom South Africa (Vodacom Group, JSE: VOD, Vodafone-controlled). Head office Vodacom Corporate Park, 082 Vodacom Boulevard, Vodavalley, Midrand. Network estate: >15,000 low-voltage grid sites across 168 municipalities plus MTS switching centres and data centres. Vodacom is the reference telco buyer for wheeled renewables in SA.","Energy: group total 2,076 GWh (FY25), purchased electricity 1,275 GWh, 100% of purchased electricity renewable via PPAs/on-site solar/RECs (906 GWh grid covered by RECs); net-zero GHG by 2035; ISO 50001. First SA virtual wheeling agreement with Eskom (Aug 2023); virtual wheeling PPA with SOLA Group (solar plant at Virginia, Free State) fully operational 3 Sept 2025 across the 15,000-site estate, settlement platform built by subsidiary Mezzanine - MW/term not disclosed in fetched pages. Vodacom is also spending R800m+ on Maziv (fibre) after the Herotel deal.","active","https://www.vodacom.com/news-article.php?articleID=16297 | https://techafricanews.com/2025/06/09/vodacom-becomes-first-pan-african-telco-to-source-100-purchased-electricity-from-renewables/ | https://www.vodacom.com/executive-committee.php"
"p-cape-town-film-studios","https://www.capetownfilmstudios.co.za","Cape Town","Western Cape","","","film studio complex (sound stages, workshops, backlot)","Purpose-built studio complex at Film City Boulevard, Faure (Somerset West side of Cape Town), opened 2010; 5 sound stages plus workshops, offices and a Back-Up Energy Centre; ~200 ha site. Public-private partnership; shareholders Videovision Entertainment and eMedia Investments (with Western Cape government support). Tel +27 21 205 8400, info@capetownfilmstudios.co.za.","Small single-site load (stages, lighting, HVAC, workshops) with an on-site back-up energy centre - no MW, solar, GWh, PPA or net-zero figures published. Leadership page is stale (still names Nico Dekker as CEO although the board appointed Makkie Slamong). Likely a Cape Town municipal-wheeling candidate rather than an Eskom one.","active","https://www.capetownfilmstudios.co.za/about-us/ | https://capetownfilmstudios.co.za/ | https://en.wikipedia.org/wiki/Cape_Town_Film_Studios"
"p-vumatel-octotel-maziv","https://www.vumatel.co.za","Bryanston","Gauteng","","","fibre network operators (FTTH/FTTB, dark fibre, fixed wireless)","Maziv (Pty) Ltd is CIVH's fibre group (CIVH = Remgro-controlled Community Investment Ventures Holdings) holding Vumatel (largest FNO, >1m connected subscribers Feb 2026, ~2.9m homes passed incl. Herotel), Dark Fibre Africa (>20,000 km dark fibre, ~85% of metro areas), Octotel (Cape Town FNO) and, since Dec 2025, 100% of Herotel. Vodacom acquired a 30% co-controlling stake (R6.1bn cash + R4.9bn fibre assets, option to 34.95%) after the Competition Appeal Court overturned the Tribunal's block (14 Aug 2025), ICASA approval Nov 2025, implemented 1 Dec 2025. R12bn five-year build plan.","Load is many small grid connections (fibre POPs, aggregation nodes, DFA exchanges, Herotel wireless high sites) - no MW solar, PPA, GWh or net-zero figures published by Maziv/Vumatel/DFA/Octotel. No official leadership or contact page found (maziv.co.za -> dfafrica.co.za; vumatel.co.za/about-us 404), so CFO/energy/procurement seats come from trade press only. Herotel (in p-frogfoot-herotel) is a duplicate of this group.","active - Vodacom 30% co-control since 1 Dec 2025 (Remgro/CIVH majority)","https://techcentral.co.za/maziv-goes-massive-dietlof-mare-vumatel/269135/ | https://www.businessday.co.za/companies/2025-11-27-vodacom-and-remgro-finally-get-icasa-approval-for-maziv-merger/ | https://vodacom.com/pdf/sens/2025/update-on-the-acquisition-of-a-30-interest-in-maziv-18072025.pdf | https://dfafrica.co.za/"
"p-multichoice-supersport","https://www.multichoice.com","Randburg","Gauteng","","","pay-TV broadcaster, studios and playout (MultiChoice City campus), SuperSport production","MultiChoice Group - now a wholly owned subsidiary of CANAL+ (Vivendi spin-off): Canal+ closed the R35bn takeover 22 Sept 2025, reached 94.39% via mandatory offer, squeezed out minorities 5 Dec 2025 and MultiChoice delisted from JSE/A2X on 10 Dec 2025; Canal+ plans a secondary inward JSE listing. HQ MultiChoice City, 144 Bram Fischer Drive, Randburg (studios, playout, data centres, SuperSport studios). New leadership: David Mignot CEO, Nicolas Dandoy CFO, Maxime Saada chair. MultiChoice SA CEO Marc Jury has left; successor not found.","Campus load = studios, playout centres, data centres and HQ offices at Randburg plus DStv call centres; 2025 ESG report (FY to Mar 2025) publishes social metrics but the release gives no electricity GWh, solar MW, PPA or net-zero target (low-impact business framing). Under Canal+ ownership decisions may move to Paris. No wheeling deal found.","merged - now CANAL+ (100%, delisted 10 Dec 2025)","https://www.multichoice.com/board-of-directors.php | https://www.bizcommunity.com/article/new-ceo-board-of-multichoice-appointed-following-canal-takeover-510910a | https://techafricanews.com/2025/12/10/multichoice-confirms-jse-and-a2x-delisting-after-canal-completes-100-takeover/ | https://www.multichoice.com/news/multichoice-releases-2025-esg-report-showcasing-how-it-is-advancing-a-sustainable-inclusive-and-empowered-africa"
"p-sabc-sentech","https://www.sabc.co.za","Johannesburg","Gauteng","","","public broadcaster (studios, Radio Park, TV Centre) + state signal distributor (transmitter high sites)","Two state-owned entities under the Dept of Communications & Digital Technologies. SABC SOC Ltd: public broadcaster at Auckland Park campus (Radio Park + TV Centre), Johannesburg; GCEO Nomsa Chabeli, COO Lungile Binza. Sentech SOC Ltd: broadcast signal distributor and digital-infrastructure company, HQ Sender Technology Park, Octave Street, Honeydew (Roodepoort); owns the national network of transmitter high sites (the electricity load) plus broadband/managed-infrastructure units; revenue R1.628bn FY2025/26, net loss cut to R60m, clean audit; CEO Tebogo Leshope, CFO Clarinda Simpson, COO Flenk Mnisi.","Sentech: carbon footprint 78,346 tCO2e FY2023/24 (-6% from 83,648), Scope 2 the bulk; smart energy strategy - 24 of a targeted 40 high sites converted to solar hybrid by Mar 2024 (12 in FY24, 13 more planned), ~30% energy-bill cut at converted sites, plan to take Sender Technology Park HQ fully off-grid; analogue switch-off lowered demand; targets Scope 1 -5%, Scope 2 -10%; no PPA/wheeling. Site count and GWh not extracted from the integrated report. SABC: only a 2006 energy-performance contract at Auckland Park found; no solar/PPA/GWh disclosure; CFO seat acting since Nov 2024.","active","https://www.sentech.co.za/our-team/ | https://www.sentech.co.za/wp-content/uploads/2024/10/sentech-integrated-report-2024.pdf | https://www.sabc.co.za/sabc/media-statement-sabc-announces-appointment-of-mr-lungile-binza-as-chief-operating-officer/ | https://www.bizcommunity.com/article/sentech-delivers-resilient-fy202526-results-clean-audit-and-reduced-net-loss-075495a"
