first,last,title,department,company,email,phone,linkedin,notes
John,Teeling,Executive Chairman,Board,Botswana Diamonds,john@botswanadiamonds.co.uk,+353 1 833 2833,,"Title as published on the company board page https://botswanaminerals.com/about-us/board-of-directors/ ; email and Dublin switchboard published on the company contact page https://botswanaminerals.com/contact/ . Dublin-based; plc renamed Botswana Minerals plc on 27 Feb 2026. South African presence is exploration only (Thorny River permit, contractor-mining royalty model) - no owned load. Confidence 0.9."
James,Campbell,Managing Director,Executive,Botswana Diamonds,james@botswanadiamonds.co.uk,+353 1 833 2833,,"Title as published on https://botswanaminerals.com/about-us/board-of-directors/ (published as 'James AH Campbell' on the contact page); email and Dublin switchboard from https://botswanaminerals.com/contact/ . The contact page also lists a South Africa office at 9 Lotus Lane, Irene 0062 with a mobile-format number, not recorded here. Runs the South African projects per the 2024 annual report MD statement. Confidence 0.9."
James,Finn,Finance Director,Finance,Botswana Diamonds,,+353 1 833 2833,,"Title as published on https://botswanaminerals.com/about-us/board-of-directors/ ; no individual email published, phone is the Dublin office switchboard from https://botswanaminerals.com/contact/ . Confidence 0.8."
Dean,Taylor,Chairman / Director / Chief Executive Officer,Executive,Diamcor Mining,DTaylor@diamcormining.com,+1 250 864 3326,,"Published as 'Mr. Dean H. Taylor' with this title on https://diamcormining.com/corporate/management-and-directors/ ; direct email and phone published by the company in its 12 Feb 2026 news release https://diamcormining.com/news/diamcor-provides-update-on-discharge-of-security-and-indebtedness-and-granting-of-extension-of-time-to-hold-the-2025-annual-general-meeting (there styled 'President & CEO'). Kelowna, Canada based; SA operating entity DMI Minerals South Africa (Pty) Ltd has no named site staff on official sources. Company under a management cease trade order application (Jul 2025). Confidence 0.9."
Darren,Vucurevich,Director / Chief Financial Officer,Finance,Diamcor Mining,,+1 250 862 3212,,Title as published on https://diamcormining.com/corporate/management-and-directors/ ; phone is the Kelowna head-office switchboard from the same page (info@diamcormining.com is the only generic email). Confidence 0.8.
Kurt,Petersen,Chief Operating Officer,Operations,Diamcor Mining,,+1 250 862 3212,,"Published as 'Dr. Kurt Petersen' with this title on https://diamcormining.com/corporate/management-and-directors/ ; PhD mineral processing, joined 2019; phone is the Kelowna head-office switchboard. Confidence 0.8."
Changyu,Liu,Interim Chief Executive Officer,Executive,Eastern Platinum (Eastplats),,+1 604 568 8200,,Published as 'Changyu (Charlie) Liu' with this title on https://www.eastplats.com/company/management/ ; appointed effective 13 Aug 2026 succeeding Wanjin Yang per https://www.eastplats.com/investors/news-releases/2026/eastern-platinum-limited-announces-ceo-transition/ (board searching for a permanent CEO). Phone is the Vancouver head office; South African mine office switchboard is +27 12 381 1800 per https://www.eastplats.com/contacts/ . Confidence 0.9.
Xinneng,Li,Chief Financial Officer and Corporate Secretary,Finance,Eastern Platinum (Eastplats),,+1 604 568 8200,,"Published as 'Xinneng (David) Li' with this title on https://www.eastplats.com/company/management/ ; appointed 14 Jul 2026 per https://www.eastplats.com/investors/news-releases/2026/eastplats-announces-appointment-of-cfo-and-corporate-secretary/ (replaced Wylie Hui, resigned 10 Jul 2026). Phone is the Vancouver head office switchboard; SA mine switchboard +27 12 381 1800. Confidence 0.9."
Jonathan,Hericourt,Chief Executive Officer,Executive,Gold One International,,+27 87 255 6900,,"Title from trade press: quoted as 'Gold One International Chief Executive Officer' by Mining Weekly on 25 Oct 2023 https://www.miningweekly.com/article/unions-free-some-miners-held-underground-at-gold-ones-modder-east-mine-2023-10-25 (STALE: ~3 years old). The company's own contact page (Wayback capture 7 Mar 2026 of https://www.gold1.co.za/?page_id=14 ) still lists him as 'Information Officer', confirming he remains with Gold One Group Limited. Phone is the registered-office switchboard from that page; Modder East mine switchboard +27 11 730 7600. Confidence 0.6."
Pieter,Terblanche,Co-CEO,Executive,HCI Coal,,+27 11 448 4900,,"Title as published on the HCI Coal executive team page https://www.hcicoal.co.za/executive-team/ (STALE: page copyright 2018, read via Wayback capture 18 Jul 2024 because the live site now returns 404); also named 'co-CEO of HCI Coal' by parent HCI on 1 Feb 2023 https://www.hci.co.za/2023/02/01/hci-coal-cleaning-up-coal/ . Phone is the Midrand office switchboard from https://www.hcicoal.co.za/contact-us/ (same capture). Operating entity now HCI Resources (Pty) Ltd. Confidence 0.7."
Aadil,Nakooda,Co-CEO,Executive,HCI Coal,,+27 11 448 4900,,"Title as published on https://www.hcicoal.co.za/executive-team/ (STALE: copyright 2018, Wayback capture 18 Jul 2024; the board page spells the surname 'Naakooda'); CA(SA), CFO of HCI Coal from 2013 before becoming co-CEO. Phone is the Midrand switchboard from https://www.hcicoal.co.za/contact-us/ . Confidence 0.7."
Phil,Buckle,"Mine Manager, Palesa Coal",Operations,HCI Coal,,+27 11 448 4900,,"Title as published on https://www.hcicoal.co.za/executive-team/ (STALE: copyright 2018, Wayback capture 18 Jul 2024); joined Nov 2017. Phone is the Midrand switchboard from https://www.hcicoal.co.za/contact-us/ . Confidence 0.6."
Victor,Lebepe,Group Environmental Manager,Environmental,HCI Coal,,+27 11 448 4900,,"Title as published on https://www.hcicoal.co.za/executive-team/ (STALE: copyright 2018, Wayback capture 18 Jul 2024); MSc Environmental Science, responsible for group environmental performance and compliance. Phone is the Midrand switchboard from https://www.hcicoal.co.za/contact-us/ . Confidence 0.6."
Allan,Bullock,Chief Executive Officer,Executive,Ilima Coal Company,,+27 13 246 1525,,"Title as published on the Pretorius Group of Companies (owner of Ilima Coal) management page https://www.pretoriusgroup.co.za/copy-of-about-us (experience listed to 2025); phone is the PGC switchboard from https://www.pretoriusgroup.co.za/ilima-coal-company ; generic email info@pretoriusgroup.co.za only. Group-level role, not Ilima-specific. Confidence 0.8."
Jaco,Du Toit,Mine Manager (Ilima Coal),Operations,Ilima Coal Company,,+27 13 246 1525,,Title as published on https://www.pretoriusgroup.co.za/copy-of-about-us (experience listed to 2025) - the only Ilima-specific role named; phone is the PGC switchboard. Confidence 0.8.
Eugene,Pretorius,Chief Operations Officer,Operations,Ilima Coal Company,,+27 13 246 1525,,"Published as 'Eugene Pretorius (Jnr)' with this title on https://www.pretoriusgroup.co.za/copy-of-about-us ; note 'Eugene Pretorius (Snr)' is Group Chairman on the same page. Group-level role at PGC, owner of Ilima Coal. Phone is the PGC switchboard. Confidence 0.8."
Willie,Nel,Group Financial Manager,Finance,Ilima Coal Company,,+27 13 246 1525,,"Title as published on https://www.pretoriusgroup.co.za/copy-of-about-us (Steering Committee); group-level role at PGC, owner of Ilima Coal. Phone is the PGC switchboard. Confidence 0.8."
Gert,Mostert,Group Engineering Manager,Engineering,Ilima Coal Company,,+27 13 246 1525,,"Title as published on https://www.pretoriusgroup.co.za/copy-of-about-us (Steering Committee); group-level role at PGC, owner of Ilima Coal. Phone is the PGC switchboard. Confidence 0.8."
Mark,Cunney,Group General Manager,Operations,Ilima Coal Company,,+27 13 246 1525,,"Title as published on https://www.pretoriusgroup.co.za/copy-of-about-us (Steering Committee); BEng Mining; group-level role at PGC, owner of Ilima Coal. Phone is the PGC switchboard. Confidence 0.8."
Livhuwani,Mukwevho,Environmental Manager,Environmental,Ilima Coal Company,,+27 13 246 1525,,"Title as published on https://www.pretoriusgroup.co.za/copy-of-about-us (Management Committee); group-level role at PGC, owner of Ilima Coal. Phone is the PGC switchboard. Confidence 0.8."
Kris,Andersson,Chief Executive Officer,Executive,Ironveld,,,,"Title as published on https://ironveld.com/team (full name Fredrik Kristoffer Andersson, appointed CEO May 2024); RNS of 6 Mar 2025 https://www.investegate.co.uk/announcement/rns/ironveld--iron/operational-update/8767721 signs as 'Kristoffer Andersson, Chief Executive Officer'. No switchboard published - only generic contact@ironveld.com and the PR line (BlytheRay +44 20 7138 3204) on https://ironveld.com/contact . UK-based; no South African office published. Confidence 0.8."
Peter,Cox,Technical Director,Technical,Ironveld,,,,Published as 'Dr. Peter J Cox' with this title on https://ironveld.com/team ; no phone or email published (generic contact@ironveld.com only). Confidence 0.8.
Jacques,Pretorius,Managing Director,Executive,Ivanplats (Ivanhoe Mines),,+27 15 491 0600,,"Title from trade press: named 'Ivanplats Managing Director' in Engineering News, 26 Mar 2025 https://www.engineeringnews.co.za/article/ivanplats-signs-ten-year-green-electricity-deal-with-enpower-for-platreef-2025-03-26 (the 10-year Enpower wheeling PPA announcement). Not named on ivanplats.com or the Ivanhoe leadership page. Phone is the Platreef Mine switchboard published on https://ivanplats.com/ ; generic email communications@ivanplats.com. Confidence 0.6."
Patricia,Makhesha,Chairperson of Ivanplats,Board,Ivanplats (Ivanhoe Mines),,+27 15 491 0600,,"Published as 'Dr. Patricia Makhesha, Chairperson of Ivanplats' in Ivanhoe Mines' 18 Nov 2025 release https://www.ivanhoemines.com/news-stories/news-release/ivanhoe-mines-announces-president-of-south-africa-cyril-ramaphosa-officially-opens-the-platreef-platinum-palladium-nickel-rhodium-gold-copper-mine/ ; also 'Executive Vice President, People' at Ivanhoe Mines per https://www.ivanhoemines.com/what-we-do/leadership-governance/ (formerly Ivanplats MD). Phone is the Platreef Mine switchboard from https://ivanplats.com/ . Confidence 0.8."
Parshant,Goyal,"CEO, Jindal Africa",Executive,Jindal Africa,,+27 11 706 8420,,"Title from trade press: Mining Outlook corporate story (Dec 2025) https://www.mining-outlook.com/commodities/jindal-africa-unearthing-the-african-spirit names him CEO responsible for South Africa, Mozambique, Botswana, Namibia and Zimbabwe. Not named on the company site. Phone is the Bryanston corporate head office switchboard published on https://www.jindalafrica.com/contact/ (Wayback capture 1 Jan 2026; site now redirects to jindalsteel.in); Kiepersol mine office +27 11 461 6536 on the same page. Confidence 0.6."
Daphne,Mashile-Nkosi,Executive Chairperson,Board,Kalagadi Manganese,,+27 11 808 2000,,Company website page titled 'Executive Summary & Stakeholder Message From The Executive Chairperson' https://kalagadi.co.za/executive_summary ; board page https://kalagadi.co.za/board_of_directors describes her as co-founder and chairperson; Business Day 21 Nov 2025 also styles her Executive Chairperson. Phone is the Rivonia head office switchboard from https://kalagadi.co.za/head_office_contact_details ; generic email info@kalagadi.co.za. Confidence 0.9.
Zakhele,Mashile,CEO,Executive,Kalagadi Manganese,,+27 11 808 2000,,"Title from business press: Business Day, 21 Nov 2025 https://www.businessday.co.za/companies/company-strategy/2025-11-21-kalagadi-manganeses-long-game-win-were-here-to-consecrate-a-battlefield/ names him CEO at the open-pit launch. Not listed on kalagadi.co.za (which has no executive page); an unofficial org-chart site names a different CEO, so confirm before calling. Phone is the head office switchboard from https://kalagadi.co.za/head_office_contact_details . Confidence 0.6."
Billy,Mawasha,CEO,Executive,Kolobe Nala Investment Company,,,,"Title as published on the Mining Indaba 2026 speaker page https://miningindaba.com/speaker-list/billy-mawasha ('CEO, Kolobe Nala Investment Company'); Minerals Council SA lists the company as an 'Investment company' member https://www.mineralscouncil.org.za/about/members . No company website, switchboard or email found on any official source. Investment holding company - operating load sits in Kgatelopele Lime and Prieska Copper Zinc. Confidence 0.6."
Louis,Loubser,Chief Executive Officer,Executive,Kropz Elandsfontein,,+27 21 930 0927,,"CEO of Kropz plc (parent, 69.68% of Kropz Elandsfontein) - title as published in the Kropz plc annual report 2024 https://minedocs.com/27/Kropz-AR-2024.pdf (appointed 16 Jan 2023) and quoted as Kropz CEO in Mining Weekly 7 Sep 2026 https://www.miningweekly.com/article/kropz-to-restructure-elandsfontein-as-middle-east-conflict-dents-phosphate-rock-demand-2026-09-07 announcing the Elandsfontein restructuring. Phone is the Stellenbosch SA office from https://www.kropz.com/contact-us ; generic email info@kropz.com. Confidence 0.9."
Mark,Maynard,Chief Operating Officer,Operations,Kropz Elandsfontein,,+27 22 220 0267,,Title as published on https://www.kropz.com/about-us/management (manages Elandsfontein); appointed COO of Kropz Elandsfontein effective 1 Jan 2023 per the Kropz plc annual report 2024 https://minedocs.com/27/Kropz-AR-2024.pdf (former Elandsfontein general manager). Phone is the Elandsfontein mine line from https://www.kropz.com/contact-us . Role may change under the Sep 2026 restructuring. Confidence 0.9.
Cicil,Pfister,"Engineer, Elandsfontein",Engineering,Kropz Elandsfontein,,+27 22 220 0267,,Title as published on https://www.kropz.com/about-us/management ; phone is the Elandsfontein mine line from https://www.kropz.com/contact-us . Role may change under the Sep 2026 restructuring. Confidence 0.8.
Aubrey,Julies,"Sustainability Manager, Elandsfontein",Sustainability,Kropz Elandsfontein,,+27 22 220 0267,,Title as published on https://www.kropz.com/about-us/management ; phone is the Elandsfontein mine line from https://www.kropz.com/contact-us . Role may change under the Sep 2026 restructuring. Confidence 0.8.
Jaison,Rajan,Senior General Manager: Operations,Operations,Kudumane Manganese Resources,,+27 53 492 0313,,Title as published on https://www.kudumane.com/about/management-team/ ; phone is the York mine office line from https://www.kudumane.com/contact/ (no emails published). Confidence 0.8.
Amelia,Jansen,General Manager: Finance & Procurement,Finance,Kudumane Manganese Resources,,+27 10 493 7491,,Title as published on https://www.kudumane.com/about/management-team/ ; phone is the Melrose Arch head office line from https://www.kudumane.com/contact/ . Confidence 0.8.
Reo,Suzuki,Senior General Manager: Administration,Administration,Kudumane Manganese Resources,,+27 10 493 7491,,Title as published on https://www.kudumane.com/about/management-team/ ; phone is the Melrose Arch head office line from https://www.kudumane.com/contact/ . Confidence 0.8.
Thembelani,Gantsho,Chief Executive Officer,Executive,Kudumane Manganese Resources,,+27 10 493 7491,,"Title from trade press: Mining Outlook corporate story https://www.mining-outlook.com/corporate-stories/kudumane-manganese-resources-the-core-of-kalahari-mining names him CEO (undated; other 2025-2026 coverage agrees). NOT listed on the company's own management-team page, which names no CEO, so confirm before calling. Phone is the head office line from https://www.kudumane.com/contact/ . Confidence 0.5."
Ayanda,Bam,executive chairman,Executive,Kuyasa Mining,,+27 13 656 3659,,Title exactly as published (lower case) on https://www.kuyasamining.co.za/directors.html (STALE: page footer '2014 (c) Kuyasa Mining'); News24 referred to him as CEO in Apr 2020. Phone is the eMalahleni head office from https://www.kuyasamining.co.za/contact.html ; generic email kimin@global.co.za. Confidence 0.5.
Thabo,Sibeko,operations director,Operations,Kuyasa Mining,,+27 13 656 3659,,Title exactly as published (lower case) on https://www.kuyasamining.co.za/directors.html (STALE: page footer '2014 (c) Kuyasa Mining'); electrical engineer with a previous tour at Eskom per the same page. Phone is the eMalahleni head office from https://www.kuyasamining.co.za/contact.html . Confidence 0.5.
