name,website,site_town,province,commodity,operations,scale_note,status_flag,source_url
Limberg Mining Company,https://www.limberg.co.za/,Thabazimbi,Limpopo,Chrome and platinum group metals (PGMs),"Opencast and underground chrome/PGM mine on the farms Schildpadnest, Zwartkop, Roodedam, Middellaagte and Elandskuil near Thabazimbi (mining right granted 2010); Thaba Joint Venture beneficiation plant with Sylvania Metals; subsidiary of ChromTech Holdings; head office Ground Floor, Building 31, The Woodlands Office Park, Woodmead, Johannesburg (+27 11 035 3950, info@limberg.co.za). NOTE: CRM province hint was Mpumalanga; the company's own site places the mine in Limpopo.","Beneficiation plant annual capacity 13,000 oz 4E PGMs and 420,000 t chrome concentrate; environmental authorisation (14/12/16/3/3/1/2852) for a Limberg 40 MVA 132/11 kV substation and a Middellaagte 2 x 40 MVA 33 kV substation; plant 'partially powered by solar PV'",active - producing chrome/PGM mine with commissioned beneficiation plant,https://www.limberg.co.za/about-us/ | https://www.limberg.co.za/ | https://www.limberg.co.za/contact-us/ | https://www.mineralscouncil.org.za/about/members
M-Resources,http://www.mresources.co.za/,,,,"Self-described 'budding Mineral Resources focused start-up' offering mining and exploration services from an office at 1F, 173 Oxford Road, Rosebank, Johannesburg (+27 87 265 5444, info@mresources.co.za). No mine, project, right or commodity is named anywhere on the site; latest dated content is December 2022.",,"exploration-only - start-up with no identified site, right or operating load; cannot establish what it actually mines from official sources",http://www.mresources.co.za/
Manganese Metal Company (MMC),https://www.mmc.co.za/,Mbombela,Mpumalanga,Electrolytic manganese metal (99.9% selenium-free EMM); high-purity manganese sulphate monohydrate (HPMSM),"EMM refinery at 15 Heyneke Street, Industrial Area, Mbombela (+27 13 759 4600), operating since 1974; MTX-1 HPMSM plant in commissioning (2026); on-site hazardous landfill at Kingston Vale; Japan sales office (M's & Co). Electricity is c.41% of production cost; NERSA approved a two-year Eskom Negotiated Pricing Agreement (1 Aug 2026 - 31 Jul 2028) to bridge to a renewable PPA already concluded for c.70% of consumption.","c.360 GWh/yr baseload at >90% load factor (approx. 41 MW average); c.28,000 t/yr EMM; 380 employees + 280 contractors (Engineering News, 19 Aug 2026, reporting the NERSA NPA decision)",active - operating refinery; NOTE a renewable PPA covering c.70% of load is already contracted per the NERSA record,https://www.mmc.co.za/contact-us | https://www.mmc.co.za/what-we-do/electrolytic-manganese-metal-emm-refinery | https://www.engineeringnews.co.za/article/nersa-approves-discounted-eskom-tariff-for-manganese-metal-company-2026-08-19
Mbuyelo Coal,https://mbuyelocoal.com/,Delmas,Mpumalanga,Coal (thermal),"Three 100%-owned operating opencast collieries in Mpumalanga: Manungu (Delmas; also underground resources), Ntshovelo and Mavungwani; part of Mbuyelo Group (Minerals Council SA member, listed under Coal). Head office No 2 Robin Close, Infinity Office Park Block A, Meyersdal, Gauteng (011 867 0836, info@mbuyelocoal.com); regional office Bureau De Paul Block 6, Route N4 Business Park, Mandela Avenue, Witbank/eMalahleni (013 656 3733).",,active - three operating opencast mines; no production or electricity figures published,https://mbuyelocoal.com/ | https://mbuyelocoal.com/about-us/ | https://mbuyelocoal.com/contact-us/ | https://www.mineralscouncil.org.za/about/members
MC Mining,https://www.mcmining.co.za/,Makhado,Limpopo / KwaZulu-Natal,Hard coking coal and thermal coal,"Makhado Project (36 km north of Makhado town, Limpopo; MC Mining 95%, IDC 5%, reducing to 69% post-BEE) - Phase 1 moved from construction into commissioning in 2026 with steady-state production targeted by end-2026; Eskom grid power per project page. Uitkomst Colliery (20 km NW of Utrecht, KZN) - mining and processing temporarily suspended from 1 March 2026. Vele Colliery (48 km W of Musina, Limpopo) - care and maintenance since October 2013. ASX primary / JSE secondary listing; Kinetic Development Group is the controlling investor. SA office Ground Floor, Greystone Building, Fourways Golf Park, Roos Street, Fourways (+27 10 003 8000).",Makhado Phase 1 design c.3.0 Mtpa ROM yielding c.0.54 Mtpa hard coking coal + c.0.57 Mtpa thermal (project page); July 2026 announcement describes the plant as c.4 Mt ROM per year; total resource base 2.4 Bt in situ,active - Makhado in commissioning (new Limpopo load); Uitkomst suspended Mar 2026; Vele on care and maintenance,https://www.mcmining.co.za/our-business/our-business1 | https://www.mcmining.co.za/our-business/projects/makhado | https://www.mcmining.co.za/our-business/operations/vele | https://www.mcmining.co.za/contacts/contact-details | https://www.tipranks.com/news/company-announcements/mc-mining-reshapes-leadership-as-makhado-project-nears-full-commissioning
Miracle Upon Miracle Investments,https://www.southernpalladium.com/,Steelpoort,Limpopo,Platinum group metals (Merensky and UG2 reefs) with chrome co-product,"Miracle Upon Miracle Investments (Pty) Ltd (MUM) is the South African rights holder for the Bengwenyama PGM-chrome project on the farms Nooitverwacht 324 KT and Eerstegeluk 327 KT, Eastern Limb of the Bushveld (c.7 km west of Steelpoort, 22 km SW of Burgersfort, adjoining Modikwa). MUM is 70% owned by ASX/JSE-listed Southern Palladium Limited (Sydney; info@southernpalladium.com) and 30% by the Bengwenyama-ya-Maswazi community. Mining Right granted August 2026; DFS well advanced; Stage 1 production targeted 2029. MUM has no website of its own - the parent's is given.",JORC resource >40 Moz 3PGE+Au; no production,"exploration-only - pre-development project (mining right Aug 2026, DFS in progress, first production targeted 2029); no operating load today",https://www.southernpalladium.com/about-us/about-southern-palladium/ | https://www.southernpalladium.com/wp-content/uploads/2026/04/SPD-Mar-2026-Quarterly-Activities-and-Cashflow-Report-290426.pdf | https://sahris.sahra.org.za/cases/miracle-upon-miracle-investment-preferent-prospecting-right-project
Msobo Coal,,Breyten,Mpumalanga,Coal (thermal; Eskom-grade washed middlings),"Opencast coal mining and processing c.20 km north of Ermelo in the Breyten/Carolina area (Msukaligwa Municipality); established 2012; headquartered in Breyten. Listed by the Minerals Council SA as a member under Coal, with no website link. The domains msobo-coal.co.za and msobo.co.za both failed to resolve on 19 Sep 2026, so no company-published contact or leadership page could be read; directory listings (Kompass/D&B) give 50 Hoy Street, Breyten but are not company sources.","c.6 Mt ROM coal per year; 900 employees + 1,500 contractors; Eskom c.38% of sales (Mining Outlook, 2026 - trade press, not a company publication)","active - operating mine per Minerals Council membership and 2026 trade profile, but company website unreachable so nothing could be confirmed from the company itself",https://www.mineralscouncil.org.za/about/members | https://www.mining-outlook.com/commodities/coal-mining-sector/msobo-coal-mining-in-majestic-mpumalanga
Mvelo Minerals,,,,,"Could not be established from official sources. The only company site found (mveloresources.com) failed DNS on 19 Sep 2026; the company is not on the DMPR Northern Cape operating-mines list and is not a Minerals Council SA member. The only descriptive source is a January 2015 Mining Weekly profile of founder/executive chairman Sarel Daantjie describing contract mining services in the Northern Cape (stale, >10 years). CIPC registrations exist for Mvelo Minerals SA (K2016300434), Mvelo-Mineral Resources (K2014161070) and Mvelo Mining (K2016426075) per b2bhint.",,"dormant - unverifiable: no reachable website, no operating-mine listing, no official filing found; treat as unconfirmed until the company itself can be reached",https://www.dmpr.gov.za/Services/Mining-Minerals-Petroleum-Policy-Development/Operating-Mines/Provinces/Northern-Cape-Operating-Mines | https://www.miningweekly.com/article/sarel-daantjie-2015-01-23 | https://b2bhint.com/en/company/za/mvelo-minerals-sa--K2016300434
New Venture Mining Investments,,,North West,Chrome (LG3/LG4 reefs) per court record; listed by Minerals Council SA under platinum as an 'Investment company',"No company website or filing found. The Minerals Council SA lists 'New Venture Mining Investments' as an investment-company member with no website. North West High Court judgment WD Mining v New Venture Mining Investment Holdings and Others (M107/22, 15 Aug 2023) records the company as holder of a chrome mining right in North West with a contract-mining agreement cancelled July 2020 and site access halted in 2021 over unpaid rental to the landowner; earlier ZANWHC cases (2017, 2018) concern termination agreements with Scormin and Goudini.","Contract stipulated 10,000-20,000 t/month minimum production (historic, not current)","dormant - court record (Aug 2023) shows the mine was not operating from 2021; no official site, so current load cannot be confirmed",https://www.mineralscouncil.org.za/about/members | https://sheriahub.com/cases/za/caselaw/wd-mining-pty-ltd-v-new-venture-mining-investment-holdings-and-others-m10722-2023-zanwhc-163-15-august-2023
Nkwe Platinum,http://nkweplatinum.com/,Burgersfort,Limpopo,Platinum group metals,"Zijin Garatau Platinum Mine on the Eastern Limb of the Bushveld, c.25 km NW of Steelpoort and 30 km WNW of Burgersfort. Nkwe Platinum Limited (Bermuda; 100% Zijin Mining Group) holds 74% of the mining right, Genorah Resources 26%; day-to-day operations contracted to South Africa Zijin Platinum (Pty) Ltd. Construction launched May 2021 (boxcut from 28 May 2021, c.4 years to first ore, USD 700m capex per Zijin); 3rd-generation SLP covers 2024-2028. Head office 2nd Floor, Building 18, Woodlands Office Park, 20 Woodlands Drive, Sandton (010 591 3989). Minerals Council SA member (Platinum).","Planned 3.6 Mtpa ore at full capacity (Phase 1 1.8 Mtpa); c.2,500 jobs once fully operational; mine life >29 years",active - mine in development/ramp-up under a Chinese parent; SA operating entity is South Africa Zijin Platinum (Pty) Ltd,http://nkweplatinum.com/ | http://nkweplatinum.com/about.html | http://nkweplatinum.com/contact.html | https://www.zijinmining.com/news/media-detail-119163.htm | https://www.mineralscouncil.org.za/about/members
Ntsimbintle Mining,https://www.tshipi.co.za/,Kathu,Northern Cape,Manganese ore,"Ntsimbintle Mining (Pty) Ltd holds 50.1% of Tshipi e Ntle Manganese Mining (Pty) Ltd, operator of the Tshipi Borwa open-pit mine at 331 Mamatwan Farm, Kathu, Kalahari Manganese Field (Jupiter Mines 49.9%). OWNERSHIP CHANGE: on 27 Feb 2026 Exxaro Resources (via Exxaro Manganese Mining) acquired 100% of Ntsimbintle Mining, 100% of Ntsimbintle Marketing, 19.99% of Jupiter and 9% of Hotazel Manganese Mines from Ntsimbintle Holdings and OMH for R10.6bn; Ntsimbintle Holdings (Houghton, +27 11 483 0840) no longer owns the mining entity. Tshipi offices: Sable Building, Fairway Office Park, 52 Grosvenor Road, Bryanston (+27 11 367 8940); mine +27 53 742 4000. Exxaro head office Centurion (+27 12 307 5000).",Tshipi Borwa >3 Mt manganese ore per year (Ntsimbintle Holdings site); 'largest single manganese mine and exporter from South Africa' (Tshipi site); c.30 years of reserves,"active - operating mine, but the prospect entity is now a 100% Exxaro subsidiary (since 27 Feb 2026); route via Tshipi/Exxaro, not Ntsimbintle Holdings",https://www.exxaro.com/media-and-insights/press-releases/exxaro-cements-position-as-manganese-player-through-conclusion-of-acquisition-of-select-manganese-assets-from-ntsimbintle-holdings-and-omh/ | https://www.tshipi.co.za/who-we-are/at-a-glance | https://www.tshipi.co.za/contact-us | https://www.ntsimbintle.co.za/
Petra Diamonds,https://www.petradiamonds.com/,Cullinan (Tshwane),Gauteng / Northern Cape,Diamonds,"Cullinan Diamond Mine (underground, Tshwane, Gauteng - listed as operating on the DMPR Gauteng register) and Finsch (Northern Cape); each 74% Petra, 14% Kago Diamonds, 12% Itumeleng Petra Employee Trust. Finsch was placed into business rescue on 29 May 2026 (small-stone price collapse; c.34% of FY2025 group revenue). Williamson (Tanzania) and Koffiefontein sold. LSE-listed; group office London; SA office Silver Point Office Park, Block 3, 22 Ealing Crescent, Bryanston (+27 11 702 6900, info@petradiamonds.com; procurement GRP_Vendors@petradiamonds.com).","Total energy 1,417,000 GJ in FY2025 (FY2024: 1,906,000 GJ); Scope 2 356,028 tCO2e FY2025 (96% of footprint); electricity intensity 51.14 kWh/t; Cullinan 1,453,008 ct and Finsch 975,828 ct produced FY2025; long-term wheeled renewable PPAs with Etana Energy for 36-72% of each operation's load",active - Cullinan operating; Finsch in business-rescue since 29 May 2026; renewable wheeling PPAs already contracted (Etana),https://www.petradiamonds.com/our-operations/ | https://www.petradiamonds.com/sustainability/our-sustainability-framework/planet/ | https://wp-petra-diamonds-2023.s3.eu-west-2.amazonaws.com/media/2025/10/25106-Petra_Diamonds-AR-2025-13.pdf | https://www.petradiamonds.com/our-operations/our-mines/finsch/ | https://www.dmpr.gov.za/Services/Mining-Minerals-Petroleum-Policy-Development/Operating-Mines/Provinces/Gauteng-Operating-Mines
Platinum Group Metals Ltd,https://www.platinumgroupmetals.net/,,Limpopo,Platinum group metals (63% palladium) and base metals,"Waterberg Project, a bulk underground PGM deposit on the Northern Limb of the Bushveld Complex, held by Waterberg JV Resources (Pty) Ltd: Platinum Group Metals 37.19% (50.16% effective), Implats 14.86%, HJ Platinum (JOGMEC/Hanwa) 21.95%, Mnombo Wethu Consultants 26%. Mining right granted early 2021; DFS update Sept 2024; company is 'assessing commercial alternatives for mine development financing and concentrate offtake' ahead of a construction decision (Jan 2026); staged plan considers 'deferring capital for power lines'. TSX/NYSE American-listed, Vancouver HQ; SA office Third Floor, 35 Ferguson Road, Illovo, Johannesburg (+27 11 782 2186, info@platinumgroupmetals.net).","Proven and probable reserves 246.2 Mt at 2.96 g/t 4E (23.41 Moz 4E, 100% basis); no production",exploration-only - advanced development project with no construction decision; foreign (Canadian) parent; no SA operating load today,https://www.platinumgroupmetals.net/waterberg/default.aspx | https://www.newsfilecorp.com/release/280264/Platinum-Group-Metals-Ltd.-Reports-First-Quarter-2026-Results | https://www.platinumgroupmetals.net/contact/default.aspx
Rainbow Rare Earths,https://www.rainbowrareearths.com/,Phalaborwa,Limpopo,"Rare earths (NdPr oxide; Dy, Tb, Y in mixed carbonate) recovered from phosphogypsum","Phalaborwa project: recovery of rare earths from the phosphogypsum stacks of the historic Foskor/Sasol phosphoric acid operation at Phalaborwa; Rainbow 85% (option over remaining 15%). DFS underway; construction planned 2027, first production 2028; site has access to Eskom grid via an existing HV switchyard and the company is exploring renewable options. Registered Guernsey, LSE:RBW; contact page lists Guernsey and London offices only - no South African office or phone.","Planned c.1,850 tpa separated NdPr oxide + c.80 tpa Dy/Tb + c.140 tpa Y; 2.2 Mt/yr phosphogypsum processed over a 16-year life; interim economic study NPV10 US$611m (Dec 2024)","exploration-only - pre-construction (build 2027, first production 2028); foreign parent with no SA operating load yet",https://www.rainbowrareearths.com/project/phalaborwa/ | https://www.rainbowrareearths.com/about/ | https://www.rainbowrareearths.com/contact/
Rockwell Diamonds,,,Northern Cape,Diamonds (alluvial),"Former TSX/JSE-listed alluvial diamond miner in the Middle Orange River area of the Northern Cape (Wouterspan, Saxendrift, HC van Wyk Diamonds). The three SA subsidiaries - Rockwell Resources RSA (Pty) Ltd, HC van Wyk Diamonds Ltd and Saxendrift Mine (Pty) Ltd - were placed in provisional liquidation by interim order of the Kimberley High Court on 23 March 2017; the parent announced its intention to wind up its affairs in January 2021.","Wouterspan plant was rated c.200,000 m3/month (historic, pre-2017)","dormant - SA subsidiaries in liquidation since 2017, parent wound up 2021; no operating load",https://www.newswire.ca/news-releases/rockwell-provides-further-update-on-three-subsidiaries-in-provisional-liquidation-656270533.html | https://www.newswire.ca/news-releases/rockwell-provides-update-regarding-three-subsidiaries-with-interim-liquidation-order-issued-by-court-in-kimberley-south-africa-619625783.html | https://www.miningmx.com/news/diamonds/44801-bristow-to-finally-put-rockwell-diamonds-saga-to-bed-after-firm-unveils-wind-up-plan/
